BGC	Accession ID	Description	Product Prediction	BiG-SCAPE class	Organism	Taxonomy
AS011_contigs.fa_antismash_contig00001.region002	contig00001	contig00001 len=2641988 cov=38.2 corr=0 origname=NODE_1_length_2641988_cov_38.233261_pilon sw=shovill-spades/1.1.0 date=20220624	terpene	Terpene		
AS031_contigs.fa_antismash_contig00004.region003	contig00004	contig00004 len=434034 cov=35.4 corr=0 origname=NODE_4_length_434034_cov_35.387278_pilon sw=shovill-spades/1.1.0 date=20220624	terpene	Terpene		
AS085_contigs.fa_antismash_contig00002.region002	contig00002	contig00002 len=622617 cov=35.9 corr=0 origname=NODE_2_length_622617_cov_35.868062_pilon sw=shovill-spades/1.1.0 date=20220624	terpene	Terpene		
AS113_contigs.fa_antismash_contig00006.region001	contig00006	contig00006 len=289082 cov=38.4 corr=0 origname=NODE_6_length_289082_cov_38.389350_pilon sw=shovill-spades/1.1.0 date=20220624	terpene	Terpene		
AS126_contigs.fa_antismash_contig00002.region001	contig00002	contig00002 len=407278 cov=35.6 corr=0 origname=NODE_2_length_407278_cov_35.570311_pilon sw=shovill-spades/1.1.0 date=20220624	terpene	Terpene		
AS129_contigs.fa_antismash_contig00002.region002	contig00002	contig00002 len=649680 cov=35.6 corr=0 origname=NODE_2_length_649680_cov_35.649625_pilon sw=shovill-spades/1.1.0 date=20220624	terpene	Terpene		
AS139_contigs.fa_antismash_contig00002.region002	contig00002	contig00002 len=513800 cov=38.2 corr=0 origname=NODE_2_length_513800_cov_38.170998_pilon sw=shovill-spades/1.1.0 date=20220624	terpene	Terpene		
AS142_contigs.fa_antismash_contig00003.region001	contig00003	contig00003 len=315437 cov=36.1 corr=0 origname=NODE_3_length_315437_cov_36.148995_pilon sw=shovill-spades/1.1.0 date=20220624	terpene	Terpene		
AS183_contigs.fa_antismash_contig00001.region002	contig00001	contig00001 len=2532842 cov=36.0 corr=0 origname=NODE_1_length_2532842_cov_35.981421_pilon sw=shovill-spades/1.1.0 date=20220624	terpene	Terpene		
AS216_contigs.fa_antismash_contig00002.region002	contig00002	contig00002 len=795171 cov=49.9 corr=0 origname=NODE_2_length_795171_cov_49.929745_pilon sw=shovill-spades/1.1.0 date=20220828	terpene	Terpene		
AS218_contigs.fa_antismash_contig00001.region001	contig00001	contig00001 len=1347996 cov=40.7 corr=0 origname=NODE_1_length_1347996_cov_40.745506_pilon sw=shovill-spades/1.1.0 date=20220828	terpene	Terpene		
AS218_contigs.fa_antismash_contig00004.region001	contig00004	contig00004 len=214568 cov=57.5 corr=0 origname=NODE_4_length_214568_cov_57.473181_pilon sw=shovill-spades/1.1.0 date=20220828	opine-like-metallophore.terpene	Others		
AS224_contigs.fa_antismash_contig00003.region001	contig00003	contig00003 len=542172 cov=55.2 corr=0 origname=NODE_3_length_542172_cov_55.201095_pilon sw=shovill-spades/1.1.0 date=20220828	terpene	Terpene		
BGC0000611	BGC0000611	Streptomyces sioyaensis strain ATCC 13989 siomycin biosynthesis gene cluster, complete sequence	LAP.terpene.thiopeptide	Others	Streptomyces sioyaensis	Bacteria,Actinobacteria,Streptomycetales,Streptomycetaceae,Streptomyces
BGC0000630	BGC0000630	Paracoccus haeundaensis astaxanthin biosynthesis gene cluster, complete sequence	terpene	Terpene	Paracoccus haeundaensis	Bacteria,Proteobacteria,Alphaproteobacteria,Rhodobacterales,Rhodobacteraceae,Paracoccus
BGC0000631	BGC0000631	Botrytis cinerea B05.10 chromosome BCIN12, complete sequence	terpene	Terpene	Botrytis cinerea B05.10	Eukaryota,Fungi,Dikarya,Ascomycota,Pezizomycotina,Leotiomycetes,Helotiales,Sclerotiniaceae,Botrytis
BGC0000632	BGC0000632	Nocardia terpenica strain IFM 0406 genomic scaffold scaffold2, whole genome shotgun sequence	terpene	Terpene	Nocardia terpenica	Bacteria,Actinobacteria,Corynebacteriales,Nocardiaceae,Nocardia
BGC0000633	BGC0000633	Streptomyces avermitilis carotenoid biosynthetic gene cluster	terpene	Terpene	Streptomyces avermitilis	Bacteria,Actinobacteria,Streptomycetales,Streptomycetaceae,Streptomyces
BGC0000634	BGC0000634	Brevundimonas sp. NBRC 101024 carotenoid biosynthesis gene cluster (orf1, crtW, crtY, crtI, crtB, orf6, orf7, crtE, idi, crtZ, crtG, orf12), complete cds	terpene	Terpene	Brevundimonas sp. NBRC 101024	Bacteria,Proteobacteria,Alphaproteobacteria,Caulobacterales,Caulobacteraceae,Brevundimonas,unclassified Brevundimonas
BGC0000635	BGC0000635	Paracoccus sp. N81106 carotenoid biosynthesis gene cluster (idi, crtW, crtZ, crtY, crtI, crtB, crtE, crtX), complete cds	terpene	Terpene	Paracoccus sp. N81106	Bacteria,Proteobacteria,Alphaproteobacteria,Rhodobacterales,Rhodobacteraceae,Paracoccus,unclassified Paracoccus (in: Bacteria)
BGC0000636	BGC0000636	Brevibacterium linens carotenoid biosynthetic gene cluster, complete sequence	terpene	Terpene	Brevibacterium linens	Bacteria,Actinobacteria,Micrococcales,Brevibacteriaceae,Brevibacterium
BGC0000637	BGC0000637	Brevibacterium flavum carotenoid biosynthesis gene cluster, partial sequence	terpene	Terpene	Corynebacterium glutamicum	Bacteria,Actinobacteria,Corynebacteriales,Corynebacteriaceae,Corynebacterium
BGC0000638	BGC0000638	Pantoea ananatis carotenoid biosynthesis gene cluster (crtE, crtX, crtY, crtI, crtB, crtZ), complete cds	terpene	Terpene	Pantoea ananatis	Bacteria,Proteobacteria,Gammaproteobacteria,Enterobacterales,Erwiniaceae,Pantoea
BGC0000639	BGC0000639	Enterobacteriaceae bacterium DC260 carotenoid synthesis gene cluster, complete sequence	terpene	Terpene	Enterobacteriaceae bacterium DC260	Bacteria,Proteobacteria,Gammaproteobacteria,Enterobacterales,Enterobacteriaceae
BGC0000640	BGC0000640	Enterobacteriaceae bacterium DC404 carotenoid synthesis gene cluster, complete sequence	terpene	Terpene	Enterobacteriaceae bacterium DC404	Bacteria,Proteobacteria,Gammaproteobacteria,Enterobacterales,Enterobacteriaceae
BGC0000641	BGC0000641	Enterobacteriaceae bacterium DC416 carotenoid synthesis gene cluster, complete sequence	terpene	Terpene	Enterobacteriaceae bacterium DC416	Bacteria,Proteobacteria,Gammaproteobacteria,Enterobacterales,Enterobacteriaceae
BGC0000642	BGC0000642	Enterobacteriaceae bacterium DC413 carotenoid synthesis gene cluster, complete sequence	terpene	Terpene	Enterobacteriaceae bacterium DC413	Bacteria,Proteobacteria,Gammaproteobacteria,Enterobacterales,Enterobacteriaceae
BGC0000643	BGC0000643	Brevundimonas vesicularis carotenoid synthesis gene cluster, complete sequence	terpene	Terpene	Brevundimonas vesicularis	Bacteria,Proteobacteria,Alphaproteobacteria,Caulobacterales,Caulobacteraceae,Brevundimonas
BGC0000644	BGC0000644	Dietzia sp. CQ4 C50 carotenoid synthesis gene cluster, complete sequence	terpene	Terpene	Dietzia sp. CQ4	Bacteria,Actinobacteria,Corynebacteriales,Dietziaceae,Dietzia,unclassified Dietzia
BGC0000645	BGC0000645	Halobacillus halophilus strain DSM 2266 carotenoid biosynthesis gene cluster, complete sequence	terpene	Terpene	Halobacillus halophilus DSM 2266	Bacteria,Firmicutes,Bacilli,Bacillales,Bacillaceae,Halobacillus
BGC0000646	BGC0000646	Uncultured bacterium clone RM3 carotenoid biosynthetic gene cluster, complete sequence	terpene	Terpene	uncultured bacterium	Bacteria,environmental samples
BGC0000647	BGC0000647	carotenoid gene cluster: crtI=phytoene desaturase, crtB=phytoene synthase [Rhodobacter sphaeroides, Genomic, 3084 nt]	terpene	Terpene	Cereibacter sphaeroides	Bacteria,Proteobacteria,Alphaproteobacteria,Rhodobacterales,Rhodobacteraceae,Cereibacter
BGC0000648	BGC0000648	Myxococcus xanthus carotenoid gene cluster	terpene	Terpene	Myxococcus xanthus	Bacteria,Proteobacteria,Deltaproteobacteria,Myxococcales,Cystobacterineae,Myxococcaceae,Myxococcus
BGC0000649	BGC0000649	Streptomyces griseus strain IFO13350 carotinoid biosynthesis gene cluster, complete sequence	terpene	Terpene	Streptomyces griseus subsp. griseus NBRC 13350	Bacteria,Actinobacteria,Streptomycetales,Streptomycetaceae,Streptomyces
BGC0000650	BGC0000650	Algoriphagus sp. KK10202C carotenoid synthesis gene cluster, complete sequence	terpene	Terpene	Algoriphagus sp. KK10202C	Bacteria,Bacteroidetes,Cytophagia,Cytophagales,Cyclobacteriaceae,Algoriphagus,unclassified Algoriphagus
BGC0000651	BGC0000651	Streptomyces argenteolus gene cluster for biosynthesis of tetraterpenoid, KS-505a	terpene	Terpene	Streptomyces argenteolus	Bacteria,Actinobacteria,Streptomycetales,Streptomycetaceae,Streptomyces
BGC0000652	BGC0000652	Streptomyces sp. CNQ525 napyradiomycin biosynthetic gene cluster, partial sequence	terpene.T3PKS	Others	Streptomyces sp. CNQ-525	Bacteria,Actinobacteria,Streptomycetales,Streptomycetaceae,Streptomyces
BGC0000653	BGC0000653	Streptomyces arenae strain TU469 pentalenolactone biosynthetic gene cluster, complete sequence	terpene	Terpene	Streptomyces arenae	Bacteria,Actinobacteria,Streptomycetales,Streptomycetaceae,Streptomyces
BGC0000654	BGC0000654	Streptomyces sp. Tu6071 phenalinolactone biosynthetic gene cluster, complete sequence	PKS-like.terpene	Others	Streptomyces sp. Tu6071	Bacteria,Actinobacteria,Streptomycetales,Streptomycetaceae,Streptomyces
BGC0000656	BGC0000656	Xanthobacter sp. Py2 zeaxanthin biosynthetic gene cluster, complete sequence	terpene	Terpene	Xanthobacter autotrophicus Py2	Bacteria,Proteobacteria,Alphaproteobacteria,Hyphomicrobiales,Xanthobacteraceae,Xanthobacter
BGC0000657	BGC0000657	Pseudanabaena sp. dqh15 2-methylisoborneol (2-MIB) synthesis associated operon, complete sequence	terpene	Terpene	Pseudanabaena sp. dqh15	Bacteria,Cyanobacteria,Pseudanabaenales,Pseudanabaenaceae,Pseudanabaena
BGC0000658	BGC0000658	Streptomyces griseus subsp. griseus NBRC 13350 DNA, complete genome	terpene	Terpene	Streptomyces griseus subsp. griseus NBRC 13350	Bacteria,Actinobacteria,Streptomycetales,Streptomycetaceae,Streptomyces
BGC0000659	BGC0000659	Saccharopolyspora erythraea NRRL2338 complete genome	terpene	Terpene	Saccharopolyspora erythraea NRRL 2338	Bacteria,Actinobacteria,Pseudonocardiales,Pseudonocardiaceae,Saccharopolyspora
BGC0000660	BGC0000660	Streptomyces coelicolor A3(2) complete genome	terpene	Terpene	Streptomyces coelicolor A3(2)	Bacteria,Actinobacteria,Streptomycetales,Streptomycetaceae,Streptomyces,Streptomyces albidoflavus group
BGC0000661	BGC0000661	Nostoc punctiforme PCC 73102 strain ATCC 29133 chromosome, complete genome	terpene	Terpene	Nostoc punctiforme PCC 73102	Bacteria,Cyanobacteria,Nostocales,Nostocaceae,Nostoc
BGC0000663	BGC0000663	Streptomyces coelicolor A3(2) complete genome	terpene	Terpene	Streptomyces coelicolor A3(2)	Bacteria,Actinobacteria,Streptomycetales,Streptomycetaceae,Streptomyces,Streptomyces albidoflavus group
BGC0000664	BGC0000664	Streptomyces griseus subsp. griseus NBRC 13350 DNA, complete genome	terpene	Terpene	Streptomyces griseus subsp. griseus NBRC 13350	Bacteria,Actinobacteria,Streptomycetales,Streptomycetaceae,Streptomyces
BGC0000667	BGC0000667	Penicillium roqueforti FM164 genomic scaffold, ProqFM164S02, whole genome shotgun sequence	terpene	Terpene	Penicillium roqueforti FM164	Eukaryota,Fungi,Dikarya,Ascomycota,Pezizomycotina,Eurotiomycetes,Eurotiomycetidae,Eurotiales,Aspergillaceae,Penicillium
BGC0000669	BGC0000669	Arabidopsis thaliana chromosome 5 sequence	terpene	Terpene	Arabidopsis thaliana	Eukaryota,Viridiplantae,Streptophyta,Embryophyta,Tracheophyta,Spermatophyta,Magnoliopsida,eudicotyledons,Gunneridae,Pentapetalae,rosids,malvids,Brassicales,Brassicaceae,Camelineae,Arabidopsis
BGC0000671	BGC0000671	Oryza sativa Japonica Group DNA, chromosome 4, complete sequence, cultivar: Nipponbare	terpene	Terpene	Oryza sativa Japonica Group	Eukaryota,Viridiplantae,Streptophyta,Embryophyta,Tracheophyta,Spermatophyta,Magnoliopsida,Liliopsida,Poales,Poaceae,BOP clade,Oryzoideae,Oryzeae,Oryzinae,Oryza,Oryza sativa
BGC0000672	BGC0000672	Oryza sativa Japonica Group DNA, chromosome 2, complete sequence, cultivar: Nipponbare	terpene	Terpene	Oryza sativa Japonica Group	Eukaryota,Viridiplantae,Streptophyta,Embryophyta,Tracheophyta,Spermatophyta,Magnoliopsida,Liliopsida,Poales,Poaceae,BOP clade,Oryzoideae,Oryzeae,Oryzinae,Oryza,Oryza sativa
BGC0000674	BGC0000674	Streptomyces clavuligerus ATCC 27064 supercont1.14 genomic scaffold, whole genome shotgun sequence	terpene	Terpene	Streptomyces clavuligerus	Bacteria,Actinobacteria,Streptomycetales,Streptomycetaceae,Streptomyces
BGC0000675	BGC0000675	Streptomyces clavuligerus ATCC 27064 supercont1.31 genomic scaffold, whole genome shotgun sequence	terpene	Terpene	Streptomyces clavuligerus	Bacteria,Actinobacteria,Streptomycetales,Streptomycetaceae,Streptomyces
BGC0000676	BGC0000676	Neocamarosporium betae PbGGS, ACS, PbP450-1, PbTP, PbP450-2, PbTF genes for geranylgeranyldiphosphate synthase, aphidicolan-16b-ol synthase, P450 monooxygenase 1, transporter protein, P450 monooxygenase 2, transcription factor, complete cds	terpene	Terpene	Neocamarosporium betae	Eukaryota,Fungi,Dikarya,Ascomycota,Pezizomycotina,Dothideomycetes,Pleosporomycetidae,Pleosporales,Pleosporineae,Pleosporaceae,Neocamarosporium
BGC0000678	BGC0000678	Streptomyces avermitilis MA-4680 = NBRC 14893 DNA, complete genome	terpene	Terpene	Streptomyces avermitilis MA-4680 = NBRC 14893	Bacteria,Actinobacteria,Streptomycetales,Streptomycetaceae,Streptomyces
BGC0000683	BGC0000683	Streptomyces avermitilis MA-4680 = NBRC 14893 DNA, complete genome	terpene	Terpene	Streptomyces avermitilis MA-4680 = NBRC 14893	Bacteria,Actinobacteria,Streptomycetales,Streptomycetaceae,Streptomyces
BGC0000685	BGC0000685	Alternaria brassicicola ATCC 96836 A_brassicicola-1.0.1_Cont1.94, whole genome shotgun sequence	terpene	Terpene	Alternaria brassicicola ATCC 96836	Eukaryota,Fungi,Dikarya,Ascomycota,Pezizomycotina,Dothideomycetes,Pleosporomycetidae,Pleosporales,Pleosporineae,Pleosporaceae,Alternaria,Alternaria sect. Brassicicola
BGC0000688	BGC0000688	Diaporthe amygdali genomic DNA, strain:N2, clone:PaGenomeD	terpene	Terpene	Diaporthe amygdali	Eukaryota,Fungi,Dikarya,Ascomycota,Pezizomycotina,Sordariomycetes,Sordariomycetidae,Diaporthales,Diaporthaceae,Diaporthe
BGC0000930	BGC0000930	Gibberella zeae 88-1 trichothecene biosynthesis gene cluster, complete sequence	terpene	Terpene	Fusarium graminearum	Eukaryota,Fungi,Dikarya,Ascomycota,Pezizomycotina,Sordariomycetes,Hypocreomycetidae,Hypocreales,Nectriaceae,Fusarium
BGC0001046	BGC0001046	Streptomyces lydicus streptolydigin biosynthesis gene cluster, strain NRRL 2433	NRPS.T1PKS.terpene	Others	Streptomyces lydicus	Bacteria,Actinobacteria,Streptomycetales,Streptomycetaceae,Streptomyces
BGC0001078	BGC0001078	Streptomyces sp. KO-3988 furaquinocin A biosynthetic gene cluster, complete cds	terpene.T3PKS	Others	Streptomyces sp. KO-3988	Bacteria,Actinobacteria,Streptomycetales,Streptomycetaceae,Streptomyces
BGC0001079	BGC0001079	Streptomyces aculeolatus napyradiomycin biosynthetic gene cluster, complete sequence	terpene.T3PKS	Others	Streptomyces aculeolatus	Bacteria,Actinobacteria,Streptomycetales,Streptomycetaceae,Streptomyces
BGC0001082	BGC0001082	Penicillium paxilli strain PN2013 hypothetical protein PP101, hypothetical protein PP102, hypothetical protein PP103, hypothetical protein PP104, hypothetical protein PP105, hypothetical protein PP106, hypothetical protein PP107, hypothetical protein PP108, hypothetical protein PP109, hypothetical protein PP110, hypothetical protein PP111, and hypothetical protein PP112 genes, complete cds; paxilline biosynthetic gene cluster, complete sequence; and hypothetical protein PP121 and hypothetical protein PP122 genes, complete cds	indole.terpene	Others	Penicillium paxilli	Eukaryota,Fungi,Dikarya,Ascomycota,Pezizomycotina,Eurotiomycetes,Eurotiomycetidae,Eurotiales,Aspergillaceae,Penicillium
BGC0001083	BGC0001083	Streptomyces sp. CNH189 merochlorin gene cluster, complete sequence	butyrolactone.terpene.T3PKS	Others	Streptomyces sp. CNH189	Bacteria,Actinobacteria,Streptomycetales,Streptomycetaceae,Streptomyces
BGC0001181	BGC0001181	Streptomyces coelicolor A3(2) complete genome	terpene	Terpene	Streptomyces coelicolor A3(2)	Bacteria,Actinobacteria,Streptomycetales,Streptomycetaceae,Streptomyces,Streptomyces albidoflavus group
BGC0001201	BGC0001201	Sorangium cellulosum 'So ce 56' complete genome	terpene	Terpene	Sorangium cellulosum So ce56	Bacteria,Proteobacteria,Deltaproteobacteria,Myxococcales,Sorangiineae,Polyangiaceae,Sorangium
BGC0001227	BGC0001227	Streptomyces collinus Tu 365 chromosome, complete genome	terpene	Terpene	Streptomyces collinus Tu 365	Bacteria,Actinobacteria,Streptomycetales,Streptomycetaceae,Streptomyces
BGC0001260	BGC0001260	Chaunopycnis alba ORF1, terK, terC, terB, terQ, terM, terP, terF, ORF2, ORF3 genes for indoleamine 2,3-dioxygenase, cytochrome P450 monooxygenase, prenyl transferase, terpene cyclase, cytochrome P450 monooxygenase, FAD-dependent monooxygenase, cytochrome P450 monooxygenase, aromatic prenyl transferase, flavin-binding monooxygenase, heat shock protein, complete cds	indole.terpene	Others	Tolypocladium album	Eukaryota,Fungi,Dikarya,Ascomycota,Pezizomycotina,Sordariomycetes,Hypocreomycetidae,Hypocreales,Ophiocordycipitaceae,Tolypocladium
BGC0001277	BGC0001277	Gibberella zeae strain GZ3639 trichothecene gene cluster, complete sequence	terpene	Terpene	Fusarium graminearum	Eukaryota,Fungi,Dikarya,Ascomycota,Pezizomycotina,Sordariomycetes,Hypocreomycetidae,Hypocreales,Nectriaceae,Fusarium
BGC0001278	BGC0001278	Fusarium sporotrichioides trichothecene gene cluster, complete sequence	terpene	Terpene	Fusarium sporotrichioides	Eukaryota,Fungi,Dikarya,Ascomycota,Pezizomycotina,Sordariomycetes,Hypocreomycetidae,Hypocreales,Nectriaceae,Fusarium
BGC0001321	BGC0001321	Solanum habrochaites isolate LA1778 chromosome 8 terpene biosynthesis gene locus, partial sequence	terpene	Terpene	Solanum habrochaites	Eukaryota,Viridiplantae,Streptophyta,Embryophyta,Tracheophyta,Spermatophyta,Magnoliopsida,eudicotyledons,Gunneridae,Pentapetalae,asterids,lamiids,Solanales,Solanaceae,Solanoideae,Solaneae,Solanum,Solanum subgen. Lycopersicon
BGC0001322	BGC0001322	Solanum lycopersicum chromosome 8 terpene biosythesis gene locus, partial sequence	terpene	Terpene	Solanum lycopersicum	Eukaryota,Viridiplantae,Streptophyta,Embryophyta,Tracheophyta,Spermatophyta,Magnoliopsida,eudicotyledons,Gunneridae,Pentapetalae,asterids,lamiids,Solanales,Solanaceae,Solanoideae,Solaneae,Solanum,Solanum subgen. Lycopersicon
BGC0001323	BGC0001323	Solanum pennellii isolate LA0716 chromosome 8 terpene biosynthesis gene locus, partial sequence	terpene	Terpene	Solanum pennellii	Eukaryota,Viridiplantae,Streptophyta,Embryophyta,Tracheophyta,Spermatophyta,Magnoliopsida,eudicotyledons,Gunneridae,Pentapetalae,asterids,lamiids,Solanales,Solanaceae,Solanoideae,Solaneae,Solanum,Solanum subgen. Lycopersicon
BGC0001324	BGC0001324	Solanum pimpinellifolium isolate LA1589 chromosome 8 terpene biosynthesis gene locus, partial sequence	terpene	Terpene	Solanum pimpinellifolium	Eukaryota,Viridiplantae,Streptophyta,Embryophyta,Tracheophyta,Spermatophyta,Magnoliopsida,eudicotyledons,Gunneridae,Pentapetalae,asterids,lamiids,Solanales,Solanaceae,Solanoideae,Solaneae,Solanum,Solanum subgen. Lycopersicon
BGC0001330	BGC0001330	Micromonospora sp. RV43 contig4_size105044, whole genome shotgun sequence	T1PKS.terpene.NRPS-like	Others	Micromonospora sp. RV43	Bacteria,Actinobacteria,Micromonosporales,Micromonosporaceae,Micromonospora,unclassified Micromonospora
BGC0001339	BGC0001339	Phoma sp. MF5453 transcription factor (mfL3) gene, partial cds; and squalestatin S1 gene cluster, complete sequence	T1PKS.terpene	Others	Phoma sp. MF5453	Eukaryota,Fungi,Dikarya,Ascomycota,Pezizomycotina,Dothideomycetes,Pleosporomycetidae,Pleosporales,Pleosporineae,Didymellaceae,Phoma
BGC0001361	BGC0001361	Serratia plymuthica 4Rx13, complete genome	terpene	Terpene	Serratia plymuthica 4Rx13	Bacteria,Proteobacteria,Gammaproteobacteria,Enterobacterales,Yersiniaceae,Serratia
BGC0001373	BGC0001373	Sordaria araneosa DNA, contains sdnA, sdnB, sdnC, sdnD, sdnE, sdnF, sdnG, sdnH, sdnI, sdnJ, sdnK, sdnL, sdnM, sdnN, sdnO, sdnP, sdnQ, sdnR, sdnS, sdnT gene cluster, strain: ATCC 36386	T1PKS.terpene	Others	Sordaria araneosa	Eukaryota,Fungi,Dikarya,Ascomycota,Pezizomycotina,Sordariomycetes,Sordariomycetidae,Sordariales,Sordariaceae,Sordaria
BGC0001456	BGC0001456	Streptomyces argillaceus genomic DNA containing Isorenieratene biosynthesis gene cluster region, strain ATCC 12956	terpene	Terpene	Streptomyces argillaceus	Bacteria,Actinobacteria,Streptomycetales,Streptomycetaceae,Streptomyces
BGC0001475	BGC0001475	Aspergillus terreus NIH2624 scaffold_6 genomic scaffold, whole genome shotgun sequence	terpene	Terpene	Aspergillus terreus NIH2624	Eukaryota,Fungi,Dikarya,Ascomycota,Pezizomycotina,Eurotiomycetes,Eurotiomycetidae,Eurotiales,Aspergillaceae,Aspergillus,Aspergillus subgen. Circumdati
BGC0001481	BGC0001481	Fusarium fujikuroi IMI 58289 draft genome, chromosome FFUJ_chr10	terpene	Terpene	Fusarium fujikuroi IMI 58289	Eukaryota,Fungi,Dikarya,Ascomycota,Pezizomycotina,Sordariomycetes,Hypocreomycetidae,Hypocreales,Nectriaceae,Fusarium,Fusarium fujikuroi species complex
BGC0001580	BGC0001580	Streptomyces aburaviensis Ebelactone biosynthetic gene cluster, strain ATCC31860	T1PKS.terpene	Others	Kitasatospora aburaviensis	Bacteria,Actinobacteria,Streptomycetales,Streptomycetaceae,Kitasatospora
BGC0001604	BGC0001604	Fusarium fujikuroi strain B14 gibberellin biosynthetic gene cluster, complete sequence	terpene	Terpene	Fusarium fujikuroi	Eukaryota,Fungi,Dikarya,Ascomycota,Pezizomycotina,Sordariomycetes,Hypocreomycetidae,Hypocreales,Nectriaceae,Fusarium,Fusarium fujikuroi species complex
BGC0001617	BGC0001617	Stereum hirsutum FP-91666 SS1 unplaced genomic scaffold STEHIscaffold_4, whole genome shotgun sequence	terpene	Terpene	Stereum hirsutum FP-91666 SS1	Eukaryota,Fungi,Dikarya,Basidiomycota,Agaricomycotina,Agaricomycetes,Russulales,Stereaceae,Stereum
BGC0001642	BGC0001642	Fusarium fujikuroi IMI 58289 draft genome, chromosome FFUJ_chr08	terpene	Terpene	Fusarium fujikuroi IMI 58289	Eukaryota,Fungi,Dikarya,Ascomycota,Pezizomycotina,Sordariomycetes,Hypocreomycetidae,Hypocreales,Nectriaceae,Fusarium,Fusarium fujikuroi species complex
BGC0001646	BGC0001646	Burkholderia gladioli strain Lv-StB lagriamide biosynthesis gene cluster, complete sequence	transAT-PKS.NRPS.terpene	Others	Burkholderia gladioli	Bacteria,Proteobacteria,Betaproteobacteria,Burkholderiales,Burkholderiaceae,Burkholderia
BGC0001706	BGC0001706	Hypoxylon pulicicidum strain MF5954 hypothetical protein, cytochrome P450 oxygenase (nodW), cytochrome P450 oxygenase (nodR), cytochrome P450 oxygenase (nodX), FAD-dependent oxygenase (nodM), indole diterpene cyclase (nodB), FAD-dependent oxygenase (nodO), cytochrome P450 oxygenase (nodJ), geranylgeranyl transferase (nodC), FAD-dependent oxygenase (nodY1), prenyl transferase (nodD2), indole diterpene biosynthesis protein (nodD1), FAD-dependent oxygenase (nodY2), cytochrome P450 oxygenase (nodZ), and hypothetical protein genes, complete cds	indole.terpene	Others	Hypoxylon pulicicidum	Eukaryota,Fungi,Dikarya,Ascomycota,Pezizomycotina,Sordariomycetes,Xylariomycetidae,Xylariales,Hypoxylaceae,Hypoxylon
BGC0001746	BGC0001746	Streptomyces pristinaespiralis ATCC 25486 chromosome, whole genome shotgun sequence	terpene	Terpene	Streptomyces pristinaespiralis ATCC 25486	Bacteria,Actinobacteria,Streptomycetales,Streptomycetaceae,Streptomyces
BGC0001756	BGC0001756	Arabidopsis thaliana chromosome 3, partial sequence	terpene	Terpene	Arabidopsis thaliana	Eukaryota,Viridiplantae,Streptophyta,Embryophyta,Tracheophyta,Spermatophyta,Magnoliopsida,eudicotyledons,Gunneridae,Pentapetalae,rosids,malvids,Brassicales,Brassicaceae,Camelineae,Arabidopsis
BGC0001775	BGC0001775	Cordana terrestris FKA-25 DNA, sespendole biosynthetic gene cluster	indole.terpene	Others	Cordana terrestris	Eukaryota,Fungi,Dikarya,Ascomycota,Pezizomycotina,Sordariomycetes,Sordariomycetidae,Sordariomycetidae incertae sedis,Cordana
BGC0001776	BGC0001776	Penicillium janthinellum strain PN2408 janthitremane gene cluster, partial sequence	indole.terpene	Others	Penicillium janthinellum	Eukaryota,Fungi,Dikarya,Ascomycota,Pezizomycotina,Eurotiomycetes,Eurotiomycetidae,Eurotiales,Aspergillaceae,Penicillium
BGC0001777	BGC0001777	TPA_exp: Escovopsis weberi shearinine biosynthesis gene cluster, complete sequence	indole.terpene	Others	Escovopsis weberi	Eukaryota,Fungi,Dikarya,Ascomycota,Pezizomycotina,Sordariomycetes,Hypocreomycetidae,Hypocreales,Hypocreaceae,Escovopsis
BGC0001811	BGC0001811	Fusarium asiaticum DNA, tri gene cluster	terpene	Terpene	Fusarium asiaticum	Eukaryota,Fungi,Dikarya,Ascomycota,Pezizomycotina,Sordariomycetes,Hypocreomycetidae,Hypocreales,Nectriaceae,Fusarium
BGC0001839	BGC0001839	Aspergillus sp. Z5 contig188_scaffold34, whole genome shotgun sequence	terpene	Terpene	Aspergillus sp. Z5	Eukaryota,Fungi,Dikarya,Ascomycota,Pezizomycotina,Eurotiomycetes,Eurotiomycetidae,Eurotiales,Aspergillaceae,Aspergillus
BGC0001903	BGC0001903	Streptomyces sp. MA37 cytochrome c oxidase subunit I gene, partial cds; cytochrome c oxidase polypeptide 4, lipoprotein, L,D-transpeptidase, two-component system response regulator, cytochrome c oxidase subunit III, cytochrome C heme-binding subunit, ubiquinol-cytochrome C reductase iron-sulfur subunit, ubiquinol-cytochrome c reductase cytochrome b subunit, and cytochrome P450 monooxygenase genes, complete cds; neocarazostatin A biosynthesis gene cluster, complete sequence; and transcriptional regulator and putative integral membrane protein genes, complete cds	terpene	Terpene	Streptomyces sp. MA37	Bacteria,Actinobacteria,Streptomycetales,Streptomycetaceae,Streptomyces
BGC0001910	BGC0001910	Streptomyces cyslabdanicus DNA, related genes for cyslabdan biosynthesis, strain: K04-0144	terpene	Terpene	Streptomyces cyslabdanicus	Bacteria,Actinobacteria,Streptomycetales,Streptomycetaceae,Streptomyces
BGC0001911	BGC0001911	Streptomyces anulatus DNA, related genes for raimonol biosynthesis, strain: GM95	terpene	Terpene	Streptomyces anulatus	Bacteria,Actinobacteria,Streptomycetales,Streptomycetaceae,Streptomyces
BGC0001969	BGC0001969	Talaromyces wortmannii asperterpenoid A biosynthetic gene cluster, complete sequence	terpene	Terpene	Talaromyces wortmannii	Eukaryota,Fungi,Dikarya,Ascomycota,Pezizomycotina,Eurotiomycetes,Eurotiomycetidae,Eurotiales,Trichocomaceae,Talaromyces,Talaromyces sect. Islandici
BGC0001995	BGC0001995	Aspergillus oryzae RIB40 DNA, chromosome 7	terpene	Terpene	Aspergillus oryzae RIB40	Eukaryota,Fungi,Dikarya,Ascomycota,Pezizomycotina,Eurotiomycetes,Eurotiomycetidae,Eurotiales,Aspergillaceae,Aspergillus,Aspergillus subgen. Circumdati
BGC0001997	BGC0001997	Nicotiana tabacum cultivar K326 Nitab4.5_0001461, whole genome shotgun sequence	terpene	Terpene	Nicotiana tabacum	Eukaryota,Viridiplantae,Streptophyta,Embryophyta,Tracheophyta,Spermatophyta,Magnoliopsida,eudicotyledons,Gunneridae,Pentapetalae,asterids,lamiids,Solanales,Solanaceae,Nicotianoideae,Nicotianeae,Nicotiana
BGC0002007	BGC0002007	Amycolatopsis tolypomycina strain DSM 44544, whole genome shotgun sequence	terpene	Terpene	Amycolatopsis tolypomycina	Bacteria,Actinobacteria,Pseudonocardiales,Pseudonocardiaceae,Amycolatopsis
BGC0002019	BGC0002019	TPA_exp: Streptomyces sp. CB03234, complete sequence	terpene	Terpene	Streptomyces sp. CB03234	Bacteria,Actinobacteria,Streptomycetales,Streptomycetaceae,Streptomyces
BGC0002149	BGC0002149	Aspergillus alliaceus strain ATCC 20738 indole diterpene biosynthetic gene cluster, complete sequence	NRPS.terpene	Others	Aspergillus alliaceus	Eukaryota,Fungi,Dikarya,Ascomycota,Pezizomycotina,Eurotiomycetes,Eurotiomycetidae,Eurotiales,Aspergillaceae,Aspergillus
BGC0002173	BGC0002173	Aspergillus fumigatus A1163 scf_000005 genomic scaffold, whole genome shotgun sequence	terpene	Terpene	Aspergillus fumigatus A1163	Eukaryota,Fungi,Dikarya,Ascomycota,Pezizomycotina,Eurotiomycetes,Eurotiomycetidae,Eurotiales,Aspergillaceae,Aspergillus,Aspergillus subgen. Fumigati
BGC0002176	BGC0002176	Fusarium graminearum PH-1 chromosome 1, whole genome shotgun sequence	terpene	Terpene	Fusarium graminearum PH-1	Eukaryota,Fungi,Dikarya,Ascomycota,Pezizomycotina,Sordariomycetes,Hypocreomycetidae,Hypocreales,Nectriaceae,Fusarium
BGC0002246	BGC0002246	Hypholoma sublateritium FD-334 SS-4 unplaced genomic scaffold scaffold_99, whole genome shotgun sequence	terpene	Terpene	Hypholoma sublateritium FD-334 SS-4	Eukaryota,Fungi,Dikarya,Basidiomycota,Agaricomycotina,Agaricomycetes,Agaricomycetidae,Agaricales,Strophariaceae,Hypholoma
BGC0002248	BGC0002248	Aspergillus flavus NRRL3357 chromosome 3	NRPS.terpene	Others	Aspergillus flavus NRRL3357	Eukaryota,Fungi,Dikarya,Ascomycota,Pezizomycotina,Eurotiomycetes,Eurotiomycetidae,Eurotiales,Aspergillaceae,Aspergillus,Aspergillus subgen. Circumdati
BGC0002260	BGC0002260	Annulohypoxylon truncatum culture CBS:140778 brasilane biosynthetic gene cluster, complete sequence	terpene	Terpene	Annulohypoxylon truncatum	Eukaryota,Fungi,Dikarya,Ascomycota,Pezizomycotina,Sordariomycetes,Xylariomycetidae,Xylariales,Hypoxylaceae,Annulohypoxylon
BGC0002283	BGC0002283	Serratia plymuthica strain WS3236 Ga0236286_11, whole genome shotgun sequence	terpene	Terpene	Serratia plymuthica	Bacteria,Proteobacteria,Gammaproteobacteria,Enterobacterales,Yersiniaceae,Serratia
BGC0002309	BGC0002309	Streptomyces cattleya str. NRRL 8057 main chromosome, complete genome	terpene	Terpene	Streptomyces cattleya NRRL 8057 = DSM 46488	Bacteria,Actinobacteria,Streptomycetales,Streptomycetaceae,Streptomyces
BGC0002320	BGC0002320	Penicillium chrysogenum Wisconsin 54-1255 complete genome, contig Pc00c20	terpene	Terpene	Penicillium rubens Wisconsin 54-1255	Eukaryota,Fungi,Dikarya,Ascomycota,Pezizomycotina,Eurotiomycetes,Eurotiomycetidae,Eurotiales,Aspergillaceae,Penicillium,Penicillium chrysogenum species complex
BGC0002338	BGC0002338	Myxococcales bacterium strain MSr12020 sorangipyranone biosynthetic gene cluster, complete sequence	T1PKS.terpene	Others	Myxococcales bacterium	Bacteria,Proteobacteria,Deltaproteobacteria,Myxococcales
BGC0002339	BGC0002339	Vitiosangium cumulatum strain MCy10943 hydroxysorangiadenosine terpene biosynthetic gene cluster, complete sequence	terpene	Terpene	Vitiosangium cumulatum	Bacteria,Proteobacteria,Deltaproteobacteria,Myxococcales,Cystobacterineae,Archangiaceae,Vitiosangium
BGC0002389	BGC0002389	Zea mays cultivar B73 chromosome 10, Zm-B73-REFERENCE-NAM-5.0, whole genome shotgun sequence	terpene	Terpene	Zea mays	Eukaryota,Viridiplantae,Streptophyta,Embryophyta,Tracheophyta,Spermatophyta,Magnoliopsida,Liliopsida,Poales,Poaceae,PACMAD clade,Panicoideae,Andropogonodae,Andropogoneae,Tripsacinae,Zea
BGC0002392	BGC0002392	Oryza sativa Japonica Group DNA, chromosome 7, cultivar: Nipponbare, complete sequence	terpene	Terpene	Oryza sativa Japonica Group	Eukaryota,Viridiplantae,Streptophyta,Embryophyta,Tracheophyta,Spermatophyta,Magnoliopsida,Liliopsida,Poales,Poaceae,BOP clade,Oryzoideae,Oryzeae,Oryzinae,Oryza,Oryza sativa
BGC0002393	BGC0002393	Ricinus communis genomic scaffold scf_1106159296192, whole genome shotgun sequence	terpene	Terpene	Ricinus communis	Eukaryota,Viridiplantae,Streptophyta,Embryophyta,Tracheophyta,Spermatophyta,Magnoliopsida,eudicotyledons,Gunneridae,Pentapetalae,rosids,fabids,Malpighiales,Euphorbiaceae,Acalyphoideae,Acalypheae,Ricinus
BGC0002394	BGC0002394	Taxus chinensis isolate Ta-2019 chromosome 9, whole genome shotgun sequence	terpene	Terpene	Taxus chinensis	Eukaryota,Viridiplantae,Streptophyta,Embryophyta,Tracheophyta,Spermatophyta,Pinopsida,Pinidae,Conifers II,Cupressales,Taxaceae,Taxus
BGC0002395	BGC0002395	Hordeum vulgare subsp. vulgare chromosome 2H, MorexV3_pseudomolecules_assembly, whole genome shotgun sequence	terpene	Terpene	Hordeum vulgare subsp. vulgare	Eukaryota,Viridiplantae,Streptophyta,Embryophyta,Tracheophyta,Spermatophyta,Magnoliopsida,Liliopsida,Poales,Poaceae,BOP clade,Pooideae,Triticodae,Triticeae,Hordeinae,Hordeum
BGC0002396	BGC0002396	Salvia splendens isolate huo1 chromosome 20, whole genome shotgun sequence	terpene	Terpene	Salvia splendens	Eukaryota,Viridiplantae,Streptophyta,Embryophyta,Tracheophyta,Spermatophyta,Magnoliopsida,eudicotyledons,Gunneridae,Pentapetalae,asterids,lamiids,Lamiales,Lamiaceae,Nepetoideae,Mentheae,Salviinae,Salvia,Salvia subgen. Calosphace,core Calosphace
BGC0002397	BGC0002397	Arabidopsis thaliana chromosome 3, partial sequence	terpene	Terpene	Arabidopsis thaliana	Eukaryota,Viridiplantae,Streptophyta,Embryophyta,Tracheophyta,Spermatophyta,Magnoliopsida,eudicotyledons,Gunneridae,Pentapetalae,rosids,malvids,Brassicales,Brassicaceae,Camelineae,Arabidopsis
BGC0002398	BGC0002398	Arabidopsis thaliana chromosome 3, partial sequence	terpene	Terpene	Arabidopsis thaliana	Eukaryota,Viridiplantae,Streptophyta,Embryophyta,Tracheophyta,Spermatophyta,Magnoliopsida,eudicotyledons,Gunneridae,Pentapetalae,rosids,malvids,Brassicales,Brassicaceae,Camelineae,Arabidopsis
BGC0002399	BGC0002399	Capsella rubella cultivar Monte Gargano unplaced genomic scaffold scaffold_3, whole genome shotgun sequence	terpene	Terpene	Capsella rubella	Eukaryota,Viridiplantae,Streptophyta,Embryophyta,Tracheophyta,Spermatophyta,Magnoliopsida,eudicotyledons,Gunneridae,Pentapetalae,rosids,malvids,Brassicales,Brassicaceae,Camelineae,Capsella
BGC0002400	BGC0002400	Brassica oleracea var. oleracea cultivar TO1000 chromosome C5, BOL, whole genome shotgun sequence	terpene	Terpene	Brassica oleracea var. oleracea	Eukaryota,Viridiplantae,Streptophyta,Embryophyta,Tracheophyta,Spermatophyta,Magnoliopsida,eudicotyledons,Gunneridae,Pentapetalae,rosids,malvids,Brassicales,Brassicaceae,Brassiceae,Brassica
BGC0002427	BGC0002427	Metarhizium robertsii ARSEF 23 MAA_Scf_14, whole genome shotgun sequence	T1PKS.terpene	Others	Metarhizium robertsii ARSEF 23	Eukaryota,Fungi,Dikarya,Ascomycota,Pezizomycotina,Sordariomycetes,Hypocreomycetidae,Hypocreales,Clavicipitaceae,Metarhizium
BGC0002445	BGC0002445	Armillaria gallica strain FU02472 terpene biosynthesis gene cluster, complete sequence	terpene	Terpene	Armillaria gallica	Eukaryota,Fungi,Dikarya,Basidiomycota,Agaricomycotina,Agaricomycetes,Agaricomycetidae,Agaricales,Physalacriaceae,Armillaria
BGC0002449	BGC0002449	Uncultured bacterium sterol biosynthesis gene cluster, complete sequence	terpene	Terpene	uncultured bacterium	Bacteria,environmental samples
BGC0002554	BGC0002554	Streptomyces exfoliatus 2419-SVT2 DNA, carquinostatin A biosynthetic gene cluster	terpene	Terpene	Streptomyces exfoliatus	Bacteria,Actinobacteria,Streptomycetales,Streptomycetaceae,Streptomyces
BGC0002557	BGC0002557	Penicillium griseofulvum strain NRRL 35584 penifulvin biosynthetic gene cluster, complete sequence	terpene	Terpene	Penicillium griseofulvum	Eukaryota,Fungi,Dikarya,Ascomycota,Pezizomycotina,Eurotiomycetes,Eurotiomycetidae,Eurotiales,Aspergillaceae,Penicillium
BGC0002591	BGC0002591	Streptomyces sp. strain NA04227 aurachin biosynthetic gene cluster, complete sequence	ladderane.terpene	Others	Streptomyces sp.	Bacteria,Actinobacteria,Streptomycetales,Streptomycetaceae,Streptomyces
BGC0002603	BGC0002603	Aspergillus versicolor 0312 biosynthetic gene cluster of chevalone E and its oxidized derivatives, complete sequence	T1PKS.terpene	Others	Aspergillus versicolor	Eukaryota,Fungi,Dikarya,Ascomycota,Pezizomycotina,Eurotiomycetes,Eurotiomycetidae,Eurotiales,Aspergillaceae,Aspergillus,Aspergillus subgen. Nidulantes
BGC0002604	BGC0002604	Aspergillus felis 0260 DNA, sartorypyrone A biosynthetic gene cluster, complete sequence	T1PKS.terpene	Others	Aspergillus felis	Eukaryota,Fungi,Dikarya,Ascomycota,Pezizomycotina,Eurotiomycetes,Eurotiomycetidae,Eurotiales,Aspergillaceae,Aspergillus
BGC0002614	BGC0002614	Penicillium shearii IFM 42152 DNA, diterpenoid pyrones biosynthesis gene cluster	T1PKS.terpene	Others	Penicillium shearii	Eukaryota,Fungi,Dikarya,Ascomycota,Pezizomycotina,Eurotiomycetes,Eurotiomycetidae,Eurotiales,Aspergillaceae,Penicillium
BGC0002618	BGC0002618	Penicillium crustosum strain PN2402 penitremane gene cluster, partial sequence	indole.NRPS.terpene	Others	Penicillium crustosum	Eukaryota,Fungi,Dikarya,Ascomycota,Pezizomycotina,Eurotiomycetes,Eurotiomycetidae,Eurotiales,Aspergillaceae,Penicillium
BGC0002651	BGC0002651	Rosellinia necatrix DNA, scaffold: Contig87, strain: W97, whole genome shotgun sequence	terpene	Terpene	Rosellinia necatrix	Eukaryota,Fungi,Dikarya,Ascomycota,Pezizomycotina,Sordariomycetes,Xylariomycetidae,Xylariales,Xylariaceae,Rosellinia
BGC0002666	BGC0002666	Streptomyces sp. MA37 legonmycins biosynthesis gene cluster, complete sequence	NRPS.terpene.NRPS-like	Others	Streptomyces sp. MA37	Bacteria,Actinobacteria,Streptomycetales,Streptomycetaceae,Streptomyces
BGC0002707	BGC0002707	Coniophora puteana RWD-64-598 SS2 unplaced genomic scaffold CONPUscaffold_3, whole genome shotgun sequence	terpene	Terpene	Coniophora puteana RWD-64-598 SS2	Eukaryota,Fungi,Dikarya,Basidiomycota,Agaricomycotina,Agaricomycetes,Agaricomycetidae,Boletales,Coniophorineae,Coniophoraceae,Coniophora
BGC0002708	BGC0002708	Coniophora puteana RWD-64-598 SS2 unplaced genomic scaffold CONPUscaffold_3, whole genome shotgun sequence	terpene	Terpene	Coniophora puteana RWD-64-598 SS2	Eukaryota,Fungi,Dikarya,Basidiomycota,Agaricomycotina,Agaricomycetes,Agaricomycetidae,Boletales,Coniophorineae,Coniophoraceae,Coniophora
BGC0002723	BGC0002723	Jatropha curcas isolate ELGS0001-1231 unplaced genomic scaffold, RJC1_Hi-C scaffold_928, whole genome shotgun sequence	terpene	Terpene	Jatropha curcas	Eukaryota,Viridiplantae,Streptophyta,Embryophyta,Tracheophyta,Spermatophyta,Magnoliopsida,eudicotyledons,Gunneridae,Pentapetalae,rosids,fabids,Malpighiales,Euphorbiaceae,Crotonoideae,Jatropheae,Jatropha
BGC0002724	BGC0002724	Jatropha curcas isolate ELGS0001-1231 unplaced genomic scaffold, RJC1_Hi-C scaffold_989, whole genome shotgun sequence	terpene	Terpene	Jatropha curcas	Eukaryota,Viridiplantae,Streptophyta,Embryophyta,Tracheophyta,Spermatophyta,Magnoliopsida,eudicotyledons,Gunneridae,Pentapetalae,rosids,fabids,Malpighiales,Euphorbiaceae,Crotonoideae,Jatropheae,Jatropha
CR11_contigs.fa_antismash_contig00002.region002	contig00002	contig00002 len=800477 cov=12.9 corr=0 origname=NODE_2_length_800477_cov_12.865368_pilon sw=shovill-spades/1.1.0 date=20220624	terpene.T3PKS	Others		
ERR3376858.1.fa_antismash_k141_21836.region001	k141_21836	k141_21836	NRPS.terpene	Others		
ERR3376858.2.fa_antismash_k141_78791.region001	k141_78791	k141_78791	terpene	Terpene		
ERR3376861.4.fa_antismash_k141_39886.region001	k141_39886	k141_39886	terpene	Terpene		
ERR3376862.6.fa_antismash_k141_4656.region001	k141_4656	k141_4656	NRPS.terpene	Others		
ERR4065CAT_bins.1.fa_antismash_k141_11738.region001	k141_11738	k141_11738	terpene	Terpene		
GV18_marked.12.fa_antismash_k141_351194.region001	k141_351194	k141_351194	terpene	Terpene		
GV18_marked.15.fa_antismash_k141_770626.region001	k141_770626	k141_770626	terpene	Terpene		
HN003_contigs.fa_antismash_contig00001.region001	contig00001	contig00001 len=538138 cov=30.9 corr=0 origname=NODE_1_length_538138_cov_30.854877_pilon sw=shovill-spades/1.1.0 date=20220624	terpene	Terpene		
HN010_contigs.fa_antismash_contig00008.region001	contig00008	contig00008 len=126673 cov=44.3 corr=0 origname=NODE_8_length_126673_cov_44.335164_pilon sw=shovill-spades/1.1.0 date=20220624	terpene	Terpene		
HN019_contigs.fa_antismash_contig00003.region001	contig00003	contig00003 len=515820 cov=23.0 corr=0 origname=NODE_3_length_515820_cov_22.964881_pilon sw=shovill-spades/1.1.0 date=20220624	terpene	Terpene		
HN022_contigs.fa_antismash_contig00003.region002	contig00003	contig00003 len=539596 cov=23.3 corr=0 origname=NODE_3_length_539596_cov_23.287124_pilon sw=shovill-spades/1.1.0 date=20220624	terpene	Terpene		
HN037_contigs.fa_antismash_contig00005.region001	contig00005	contig00005 len=287192 cov=27.7 corr=0 origname=NODE_5_length_287192_cov_27.689788_pilon sw=shovill-spades/1.1.0 date=20220624	terpene	Terpene		
HN128_contigs.fa_antismash_contig00010.region001	contig00010	contig00010 len=161965 cov=50.0 corr=0 origname=NODE_10_length_161965_cov_50.011208_pilon sw=shovill-spades/1.1.0 date=20220625	terpene	Terpene		
HN178_contigs.fa_antismash_contig00006.region001	contig00006	contig00006 len=289081 cov=27.5 corr=0 origname=NODE_6_length_289081_cov_27.489743_pilon sw=shovill-spades/1.1.0 date=20220828	terpene	Terpene		
HN182_contigs.fa_antismash_contig00006.region001	contig00006	contig00006 len=186099 cov=46.3 corr=0 origname=NODE_6_length_186099_cov_46.281255_pilon sw=shovill-spades/1.1.0 date=20220828	terpene	Terpene		
LB11_contigs.fa_antismash_contig00012.region001	contig00012	contig00012 len=137096 cov=9.1 corr=0 origname=NODE_12_length_137096_cov_9.120908_pilon sw=shovill-spades/1.1.0 date=20220625	terpene	Terpene		
LB12_contigs.fa_antismash_contig00013.region001	contig00013	contig00013 len=81980 cov=6.3 corr=0 origname=NODE_13_length_81980_cov_6.258060_pilon sw=shovill-spades/1.1.0 date=20220625	terpene	Terpene		
LB14_contigs.fa_antismash_contig00193.region001	contig00193	contig00193 len=9006 cov=3.5 corr=15 origname=NODE_193_length_9006_cov_3.537858_pilon sw=shovill-spades/1.1.0 date=20220625	terpene	Terpene		
LB15_contigs.fa_antismash_contig00010.region001	contig00010	contig00010 len=84241 cov=4.3 corr=43 origname=NODE_10_length_84241_cov_4.295681_pilon sw=shovill-spades/1.1.0 date=20220625	terpene	Terpene		
LB16_contigs.fa_antismash_contig00137.region001	contig00137	contig00137 len=1690 cov=2.6 corr=3 origname=NODE_141_length_1690_cov_2.604915_pilon sw=shovill-spades/1.1.0 date=20220625	terpene	Terpene		
LB26_contigs.fa_antismash_contig00024.region001	contig00024	contig00024 len=51533 cov=6.2 corr=1 origname=NODE_24_length_51533_cov_6.199004_pilon sw=shovill-spades/1.1.0 date=20220625	terpene	Terpene		
M50_contigs.fa_antismash_contig00005.region001	contig00005	contig00005 len=96913 cov=3.2 corr=57 origname=NODE_5_length_96913_cov_3.248817_pilon sw=shovill-spades/1.1.0 date=20220627	terpene	Terpene		
MMO-104_contigs.fa_antismash_contig00001.region003	contig00001	contig00001 len=1328555 cov=43.5 corr=0 origname=NODE_1_length_1328555_cov_43.545037_pilon sw=shovill-spades/1.1.0 date=20220812	terpene	Terpene		
MMO-105_contigs.fa_antismash_contig00002.region001	contig00002	contig00002 len=589827 cov=42.1 corr=0 origname=NODE_2_length_589827_cov_42.086504_pilon sw=shovill-spades/1.1.0 date=20220812	terpene	Terpene		
MMO-108_contigs.fa_antismash_contig00006.region001	contig00006	contig00006 len=247988 cov=38.4 corr=0 origname=NODE_6_length_247988_cov_38.392037_pilon sw=shovill-spades/1.1.0 date=20220812	terpene	Terpene		
MMO-108_contigs.fa_antismash_contig00027.region001	contig00027	contig00027 len=49897 cov=37.2 corr=0 origname=NODE_27_length_49897_cov_37.163419_pilon sw=shovill-spades/1.1.0 date=20220812	terpene	Terpene		
MMO-109_contigs.fa_antismash_contig00008.region001	contig00008	contig00008 len=287462 cov=31.5 corr=0 origname=NODE_8_length_287462_cov_31.494559_pilon sw=shovill-spades/1.1.0 date=20220812	terpene	Terpene		
MMO-10_contigs.fa_antismash_contig00003.region001	contig00003	contig00003 len=836204 cov=48.4 corr=0 origname=NODE_3_length_836204_cov_48.389892_pilon sw=shovill-spades/1.1.0 date=20220812	terpene	Terpene		
MMO-113_contigs.fa_antismash_contig00003.region001	contig00003	contig00003 len=597369 cov=44.9 corr=0 origname=NODE_3_length_597369_cov_44.870406_pilon sw=shovill-spades/1.1.0 date=20220812	terpene	Terpene		
MMO-114_contigs.fa_antismash_contig00001.region001	contig00001	contig00001 len=602787 cov=31.1 corr=0 origname=NODE_1_length_602787_cov_31.095204_pilon sw=shovill-spades/1.1.0 date=20220812	terpene	Terpene		
MMO-123_contigs.fa_antismash_contig00001.region003	contig00001	contig00001 len=1328555 cov=43.5 corr=0 origname=NODE_1_length_1328555_cov_43.545037_pilon sw=shovill-spades/1.1.0 date=20220812	terpene	Terpene		
MMO-124_contigs.fa_antismash_contig00001.region003	contig00001	contig00001 len=1719029 cov=31.9 corr=0 origname=NODE_1_length_1719029_cov_31.931754_pilon sw=shovill-spades/1.1.0 date=20220812	terpene	Terpene		
MMO-125_contigs.fa_antismash_contig00003.region001	contig00003	contig00003 len=542475 cov=46.7 corr=0 origname=NODE_3_length_542475_cov_46.695142_pilon sw=shovill-spades/1.1.0 date=20220812	terpene	Terpene		
MMO-127_contigs.fa_antismash_contig00016.region001	contig00016	contig00016 len=86435 cov=30.4 corr=0 origname=NODE_16_length_86435_cov_30.419026_pilon sw=shovill-spades/1.1.0 date=20220812	terpene	Terpene		
MMO-136_contigs.fa_antismash_contig00017.region001	contig00017	contig00017 len=35621 cov=50.2 corr=0 origname=NODE_17_length_35621_cov_50.202450_pilon sw=shovill-spades/1.1.0 date=20220812	terpene	Terpene		
MMO-138_contigs.fa_antismash_contig00007.region001	contig00007	contig00007 len=181829 cov=42.3 corr=0 origname=NODE_7_length_181829_cov_42.345398_pilon sw=shovill-spades/1.1.0 date=20220812	terpene	Terpene		
MMO-140_contigs.fa_antismash_contig00001.region001	contig00001	contig00001 len=756682 cov=35.8 corr=0 origname=NODE_1_length_756682_cov_35.849899_pilon sw=shovill-spades/1.1.0 date=20220812	terpene	Terpene		
MMO-140_contigs.fa_antismash_contig00002.region002	contig00002	contig00002 len=377148 cov=44.3 corr=0 origname=NODE_2_length_377148_cov_44.346616_pilon sw=shovill-spades/1.1.0 date=20220812	terpene	Terpene		
MMO-141_contigs.fa_antismash_contig00015.region001	contig00015	contig00015 len=38202 cov=45.9 corr=0 origname=NODE_15_length_38202_cov_45.939566_pilon sw=shovill-spades/1.1.0 date=20220812	terpene	Terpene		
MMO-142_contigs.fa_antismash_contig00027.region001	contig00027	contig00027 len=92619 cov=31.3 corr=0 origname=NODE_27_length_92619_cov_31.344068_pilon sw=shovill-spades/1.1.0 date=20220812	terpene	Terpene		
MMO-142_contigs.fa_antismash_contig00027.region002	contig00027	contig00027 len=92619 cov=31.3 corr=0 origname=NODE_27_length_92619_cov_31.344068_pilon sw=shovill-spades/1.1.0 date=20220812	terpene	Terpene		
MMO-144_contigs.fa_antismash_contig00001.region003	contig00001	contig00001 len=1328501 cov=32.6 corr=0 origname=NODE_1_length_1328501_cov_32.611403_pilon sw=shovill-spades/1.1.0 date=20220812	terpene	Terpene		
MMO-146_contigs.fa_antismash_contig00026.region001	contig00026	contig00026 len=92619 cov=18.2 corr=0 origname=NODE_26_length_92619_cov_18.192762_pilon sw=shovill-spades/1.1.0 date=20220812	terpene	Terpene		
MMO-146_contigs.fa_antismash_contig00026.region002	contig00026	contig00026 len=92619 cov=18.2 corr=0 origname=NODE_26_length_92619_cov_18.192762_pilon sw=shovill-spades/1.1.0 date=20220812	terpene	Terpene		
MMO-152_contigs.fa_antismash_contig00001.region004	contig00001	contig00001 len=1426122 cov=32.9 corr=0 origname=NODE_1_length_1426122_cov_32.891598_pilon sw=shovill-spades/1.1.0 date=20220813	terpene	Terpene		
MMO-152_contigs.fa_antismash_contig00002.region002	contig00002	contig00002 len=1035433 cov=29.2 corr=0 origname=NODE_2_length_1035433_cov_29.178678_pilon sw=shovill-spades/1.1.0 date=20220813	terpene	Terpene		
MMO-153_contigs.fa_antismash_contig00001.region001	contig00001	contig00001 len=690512 cov=40.9 corr=0 origname=NODE_1_length_690512_cov_40.895254_pilon sw=shovill-spades/1.1.0 date=20220813	terpene	Terpene		
MMO-154_contigs.fa_antismash_contig00004.region001	contig00004	contig00004 len=252637 cov=51.7 corr=0 origname=NODE_4_length_252637_cov_51.665175_pilon sw=shovill-spades/1.1.0 date=20220813	terpene	Terpene		
MMO-159_contigs.fa_antismash_contig00001.region001	contig00001	contig00001 len=672175 cov=42.8 corr=0 origname=NODE_1_length_672175_cov_42.767622_pilon sw=shovill-spades/1.1.0 date=20220813	terpene	Terpene		
MMO-160_contigs.fa_antismash_contig00015.region001	contig00015	contig00015 len=61890 cov=47.9 corr=0 origname=NODE_15_length_61890_cov_47.922708_pilon sw=shovill-spades/1.1.0 date=20220813	terpene	Terpene		
MMO-161_contigs.fa_antismash_contig00002.region001	contig00002	contig00002 len=542503 cov=53.0 corr=0 origname=NODE_2_length_542503_cov_52.979058_pilon sw=shovill-spades/1.1.0 date=20220813	terpene	Terpene		
MMO-16_contigs.fa_antismash_contig00002.region001	contig00002	contig00002 len=589827 cov=44.2 corr=0 origname=NODE_2_length_589827_cov_44.249946_pilon sw=shovill-spades/1.1.0 date=20220813	terpene	Terpene		
MMO-172_contigs.fa_antismash_contig00008.region001	contig00008	contig00008 len=242960 cov=39.6 corr=0 origname=NODE_8_length_242960_cov_39.562267_pilon sw=shovill-spades/1.1.0 date=20220813	terpene	Terpene		
MMO-173_contigs.fa_antismash_contig00006.region001	contig00006	contig00006 len=321690 cov=35.1 corr=0 origname=NODE_6_length_321690_cov_35.098551_pilon sw=shovill-spades/1.1.0 date=20220813	terpene	Terpene		
MMO-173_contigs.fa_antismash_contig00010.region001	contig00010	contig00010 len=261276 cov=35.0 corr=0 origname=NODE_10_length_261276_cov_34.996378_pilon sw=shovill-spades/1.1.0 date=20220813	terpene	Terpene		
MMO-173_contigs.fa_antismash_contig00014.region001	contig00014	contig00014 len=184062 cov=36.7 corr=0 origname=NODE_14_length_184062_cov_36.685443_pilon sw=shovill-spades/1.1.0 date=20220813	terpene	Terpene		
MMO-173_contigs.fa_antismash_contig00019.region001	contig00019	contig00019 len=140645 cov=35.5 corr=0 origname=NODE_19_length_140645_cov_35.503231_pilon sw=shovill-spades/1.1.0 date=20220813	terpene	Terpene		
MMO-174_contigs.fa_antismash_contig00002.region003	contig00002	contig00002 len=1221009 cov=38.8 corr=0 origname=NODE_2_length_1221009_cov_38.805587_pilon sw=shovill-spades/1.1.0 date=20220813	terpene	Terpene		
MMO-175_contigs.fa_antismash_contig00003.region001	contig00003	contig00003 len=395279 cov=30.9 corr=0 origname=NODE_3_length_395279_cov_30.899486_pilon sw=shovill-spades/1.1.0 date=20220813	terpene	Terpene		
MMO-175_contigs.fa_antismash_contig00009.region001	contig00009	contig00009 len=240608 cov=31.1 corr=1 origname=NODE_9_length_240608_cov_31.112176_pilon sw=shovill-spades/1.1.0 date=20220813	terpene	Terpene		
MMO-175_contigs.fa_antismash_contig00017.region001	contig00017	contig00017 len=182297 cov=30.1 corr=0 origname=NODE_17_length_182297_cov_30.117473_pilon sw=shovill-spades/1.1.0 date=20220813	terpene	Terpene		
MMO-176_contigs.fa_antismash_contig00001.region001	contig00001	contig00001 len=1051328 cov=49.8 corr=0 origname=NODE_1_length_1051328_cov_49.817605_pilon sw=shovill-spades/1.1.0 date=20220813	terpene	Terpene		
MMO-177_contigs.fa_antismash_contig00001.region002	contig00001	contig00001 len=1276444 cov=30.5 corr=0 origname=NODE_1_length_1276444_cov_30.524911_pilon sw=shovill-spades/1.1.0 date=20220813	terpene	Terpene		
MMO-177_contigs.fa_antismash_contig00002.region001	contig00002	contig00002 len=1163179 cov=22.5 corr=0 origname=NODE_2_length_1163179_cov_22.484350_pilon sw=shovill-spades/1.1.0 date=20220813	terpene	Terpene		
MMO-177_contigs.fa_antismash_contig00005.region001	contig00005	contig00005 len=565898 cov=30.0 corr=0 origname=NODE_5_length_565898_cov_30.027427_pilon sw=shovill-spades/1.1.0 date=20220813	terpene	Terpene		
MMO-17_contigs.fa_antismash_contig00001.region003	contig00001	contig00001 len=1237185 cov=37.1 corr=0 origname=NODE_1_length_1237185_cov_37.112736_pilon sw=shovill-spades/1.1.0 date=20220813	terpene	Terpene		
MMO-17_contigs.fa_antismash_contig00004.region001	contig00004	contig00004 len=449572 cov=29.0 corr=0 origname=NODE_4_length_449572_cov_29.044186_pilon sw=shovill-spades/1.1.0 date=20220813	terpene	Terpene		
MMO-17_contigs.fa_antismash_contig00007.region001	contig00007	contig00007 len=337769 cov=32.3 corr=0 origname=NODE_7_length_337769_cov_32.315322_pilon sw=shovill-spades/1.1.0 date=20220813	terpene	Terpene		
MMO-19_contigs.fa_antismash_contig00001.region001	contig00001	contig00001 len=1004042 cov=31.0 corr=0 origname=NODE_1_length_1004042_cov_31.043335_pilon sw=shovill-spades/1.1.0 date=20220813	terpene	Terpene		
MMO-20_contigs.fa_antismash_contig00001.region001	contig00001	contig00001 len=729954 cov=44.6 corr=0 origname=NODE_1_length_729954_cov_44.559155_pilon sw=shovill-spades/1.1.0 date=20220813	terpene	Terpene		
MMO-21_contigs.fa_antismash_contig00002.region001	contig00002	contig00002 len=589827 cov=39.7 corr=0 origname=NODE_2_length_589827_cov_39.710088_pilon sw=shovill-spades/1.1.0 date=20220822	terpene	Terpene		
MMO-23_contigs.fa_antismash_contig00008.region001	contig00008	contig00008 len=181829 cov=42.4 corr=0 origname=NODE_8_length_181829_cov_42.444128_pilon sw=shovill-spades/1.1.0 date=20220826	terpene	Terpene		
MMO-25_contigs.fa_antismash_contig00003.region001	contig00003	contig00003 len=567549 cov=25.8 corr=0 origname=NODE_3_length_567549_cov_25.773519_pilon sw=shovill-spades/1.1.0 date=20220826	terpene	Terpene		
MMO-26_contigs.fa_antismash_contig00005.region001	contig00005	contig00005 len=155246 cov=42.0 corr=0 origname=NODE_5_length_155246_cov_42.047062_pilon sw=shovill-spades/1.1.0 date=20220826	terpene	Terpene		
MMO-27_contigs.fa_antismash_contig00010.region001	contig00010	contig00010 len=85947 cov=46.7 corr=0 origname=NODE_10_length_85947_cov_46.681288_pilon sw=shovill-spades/1.1.0 date=20220826	terpene	Terpene		
MMO-29_contigs.fa_antismash_contig00019.region001	contig00019	contig00019 len=35621 cov=49.8 corr=0 origname=NODE_19_length_35621_cov_49.844579_pilon sw=shovill-spades/1.1.0 date=20220826	terpene	Terpene		
MMO-32_contigs.fa_antismash_contig00008.region001	contig00008	contig00008 len=181829 cov=43.2 corr=0 origname=NODE_8_length_181829_cov_43.218492_pilon sw=shovill-spades/1.1.0 date=20220826	terpene	Terpene		
MMO-33_contigs.fa_antismash_contig00007.region001	contig00007	contig00007 len=186099 cov=50.0 corr=0 origname=NODE_7_length_186099_cov_49.993112_pilon sw=shovill-spades/1.1.0 date=20220826	terpene	Terpene		
MMO-34_contigs.fa_antismash_contig00007.region001	contig00007	contig00007 len=186099 cov=55.0 corr=0 origname=NODE_7_length_186099_cov_54.966546_pilon sw=shovill-spades/1.1.0 date=20220826	terpene	Terpene		
MMO-35_contigs.fa_antismash_contig00007.region001	contig00007	contig00007 len=181829 cov=42.8 corr=0 origname=NODE_7_length_181829_cov_42.774183_pilon sw=shovill-spades/1.1.0 date=20220826	terpene	Terpene		
MMO-42_contigs.fa_antismash_contig00007.region001	contig00007	contig00007 len=365858 cov=34.3 corr=0 origname=NODE_7_length_365858_cov_34.299953_pilon sw=shovill-spades/1.1.0 date=20220826	terpene	Terpene		
MMO-47_contigs.fa_antismash_contig00004.region001	contig00004	contig00004 len=259477 cov=32.0 corr=0 origname=NODE_4_length_259477_cov_32.013456_pilon sw=shovill-spades/1.1.0 date=20220826	terpene	Terpene		
MMO-54_contigs.fa_antismash_contig00001.region002	contig00001	contig00001 len=849402 cov=29.6 corr=0 origname=NODE_1_length_849402_cov_29.602735_pilon sw=shovill-spades/1.1.0 date=20220826	terpene	Terpene		
MMO-54_contigs.fa_antismash_contig00001.region003	contig00001	contig00001 len=849402 cov=29.6 corr=0 origname=NODE_1_length_849402_cov_29.602735_pilon sw=shovill-spades/1.1.0 date=20220826	terpene	Terpene		
MMO-55_contigs.fa_antismash_contig00015.region001	contig00015	contig00015 len=123497 cov=36.0 corr=0 origname=NODE_15_length_123497_cov_35.954355_pilon sw=shovill-spades/1.1.0 date=20220827	terpene	Terpene		
MMO-56_contigs.fa_antismash_contig00018.region001	contig00018	contig00018 len=99285 cov=40.9 corr=0 origname=NODE_18_length_99285_cov_40.939914_pilon sw=shovill-spades/1.1.0 date=20220828	terpene	Terpene		
MMO-58_contigs.fa_antismash_contig00004.region001	contig00004	contig00004 len=547716 cov=25.8 corr=0 origname=NODE_4_length_547716_cov_25.829162_pilon sw=shovill-spades/1.1.0 date=20220827	terpene	Terpene		
MMO-58_contigs.fa_antismash_contig00006.region001	contig00006	contig00006 len=413754 cov=23.0 corr=0 origname=NODE_6_length_413754_cov_23.036853_pilon sw=shovill-spades/1.1.0 date=20220827	terpene	Terpene		
MMO-59_contigs.fa_antismash_contig00001.region001	contig00001	contig00001 len=695305 cov=27.8 corr=0 origname=NODE_1_length_695305_cov_27.790656_pilon sw=shovill-spades/1.1.0 date=20220827	terpene	Terpene		
MMO-59_contigs.fa_antismash_contig00003.region001	contig00003	contig00003 len=443267 cov=20.6 corr=0 origname=NODE_3_length_443267_cov_20.612613_pilon sw=shovill-spades/1.1.0 date=20220827	transAT-PKS.NRPS.terpene	Others		
MMO-64_contigs.fa_antismash_contig00001.region001	contig00001	contig00001 len=798146 cov=42.6 corr=0 origname=NODE_1_length_798146_cov_42.577740_pilon sw=shovill-spades/1.1.0 date=20220827	RiPP-like.terpene	Others		
MMO-66_contigs.fa_antismash_contig00003.region001	contig00003	contig00003 len=542666 cov=49.8 corr=0 origname=NODE_3_length_542666_cov_49.762649_pilon sw=shovill-spades/1.1.0 date=20220827	terpene	Terpene		
MMO-67_contigs.fa_antismash_contig00004.region001	contig00004	contig00004 len=217722 cov=47.8 corr=0 origname=NODE_4_length_217722_cov_47.818006_pilon sw=shovill-spades/1.1.0 date=20220827	terpene	Terpene		
MMO-68_contigs.fa_antismash_contig00001.region001	contig00001	contig00001 len=849387 cov=39.6 corr=0 origname=NODE_1_length_849387_cov_39.579288_pilon sw=shovill-spades/1.1.0 date=20220827	terpene	Terpene		
MMO-68_contigs.fa_antismash_contig00001.region002	contig00001	contig00001 len=849387 cov=39.6 corr=0 origname=NODE_1_length_849387_cov_39.579288_pilon sw=shovill-spades/1.1.0 date=20220827	terpene	Terpene		
MMO-70_contigs.fa_antismash_contig00008.region001	contig00008	contig00008 len=124424 cov=36.7 corr=0 origname=NODE_8_length_124424_cov_36.731524_pilon sw=shovill-spades/1.1.0 date=20220827	terpene	Terpene		
MMO-72_contigs.fa_antismash_contig00018.region001	contig00018	contig00018 len=86448 cov=39.2 corr=0 origname=NODE_18_length_86448_cov_39.192386_pilon sw=shovill-spades/1.1.0 date=20220827	terpene	Terpene		
MMO-75_contigs.fa_antismash_contig00003.region001	contig00003	contig00003 len=330172 cov=49.4 corr=0 origname=NODE_3_length_330172_cov_49.447502_pilon sw=shovill-spades/1.1.0 date=20220827	terpene	Terpene		
MMO-78_contigs.fa_antismash_contig00001.region001	contig00001	contig00001 len=729933 cov=42.9 corr=0 origname=NODE_1_length_729933_cov_42.912790_pilon sw=shovill-spades/1.1.0 date=20220827	terpene	Terpene		
MMO-79_contigs.fa_antismash_contig00008.region001	contig00008	contig00008 len=124479 cov=38.3 corr=0 origname=NODE_8_length_124479_cov_38.311021_pilon sw=shovill-spades/1.1.0 date=20220827	terpene	Terpene		
MMO-80_contigs.fa_antismash_contig00004.region001	contig00004	contig00004 len=429601 cov=43.5 corr=0 origname=NODE_4_length_429601_cov_43.533815_pilon sw=shovill-spades/1.1.0 date=20220827	terpene	Terpene		
MMO-80_contigs.fa_antismash_contig00004.region002	contig00004	contig00004 len=429601 cov=43.5 corr=0 origname=NODE_4_length_429601_cov_43.533815_pilon sw=shovill-spades/1.1.0 date=20220827	terpene	Terpene		
MMO-81_contigs.fa_antismash_contig00002.region001	contig00002	contig00002 len=379494 cov=48.3 corr=0 origname=NODE_2_length_379494_cov_48.310092_pilon sw=shovill-spades/1.1.0 date=20220827	terpene.T3PKS	Others		
MMO-82_contigs.fa_antismash_contig00001.region001	contig00001	contig00001 len=1474901 cov=27.9 corr=0 origname=NODE_1_length_1474901_cov_27.866944_pilon sw=shovill-spades/1.1.0 date=20220827	terpene	Terpene		
MMO-87_contigs.fa_antismash_contig00001.region001	contig00001	contig00001 len=849413 cov=30.9 corr=0 origname=NODE_1_length_849413_cov_30.935253_pilon sw=shovill-spades/1.1.0 date=20220823	terpene	Terpene		
MMO-87_contigs.fa_antismash_contig00001.region002	contig00001	contig00001 len=849413 cov=30.9 corr=0 origname=NODE_1_length_849413_cov_30.935253_pilon sw=shovill-spades/1.1.0 date=20220823	terpene	Terpene		
MMO-8_contigs.fa_antismash_contig00001.region004	contig00001	contig00001 len=1435673 cov=43.2 corr=0 origname=NODE_1_length_1435673_cov_43.155030_pilon sw=shovill-spades/1.1.0 date=20220823	terpene	Terpene		
MMO-8_contigs.fa_antismash_contig00003.region001	contig00003	contig00003 len=815249 cov=40.0 corr=0 origname=NODE_3_length_815249_cov_39.984044_pilon sw=shovill-spades/1.1.0 date=20220823	terpene	Terpene		
MMO-93_contigs.fa_antismash_contig00001.region001	contig00001	contig00001 len=849386 cov=35.3 corr=0 origname=NODE_1_length_849386_cov_35.325593_pilon sw=shovill-spades/1.1.0 date=20220823	terpene	Terpene		
MMO-93_contigs.fa_antismash_contig00001.region002	contig00001	contig00001 len=849386 cov=35.3 corr=0 origname=NODE_1_length_849386_cov_35.325593_pilon sw=shovill-spades/1.1.0 date=20220823	terpene	Terpene		
MMO-95_contigs.fa_antismash_contig00007.region001	contig00007	contig00007 len=186099 cov=47.3 corr=0 origname=NODE_7_length_186099_cov_47.307998_pilon sw=shovill-spades/1.1.0 date=20220823	terpene	Terpene		
MMO-97_contigs.fa_antismash_contig00006.region001	contig00006	contig00006 len=186099 cov=45.0 corr=0 origname=NODE_6_length_186099_cov_45.028324_pilon sw=shovill-spades/1.1.0 date=20220823	terpene	Terpene		
S315_contigs.fa_antismash_contig00205.region001	contig00205	contig00205 len=6219 cov=5.1 corr=0 origname=NODE_205_length_6219_cov_5.113251_pilon sw=shovill-spades/1.1.0 date=20220627	terpene	Terpene		
SRR12517348.2.fa_antismash_k141_5901.region001	k141_5901	k141_5901	terpene	Terpene		
SRR12517350.3.fa_antismash_k141_11052.region001	k141_11052	k141_11052	terpene	Terpene		
SRR12517354.1.fa_antismash_k141_5377.region001	k141_5377	k141_5377	terpene	Terpene		
SRR13132390.3.fa_antismash_k141_180934.region002	k141_180934	k141_180934	terpene	Terpene		
SRR13132392.2.fa_antismash_k141_97301.region001	k141_97301	k141_97301	terpene	Terpene		
SRR14196804.1.fa_antismash_k141_20360.region001	k141_20360	k141_20360	terpene	Terpene		
SRR14196804.3.fa_antismash_k141_9357.region001	k141_9357	k141_9357	terpene.NRPS-like	Others		
SRR14196806.2.fa_antismash_k141_21586.region001	k141_21586	k141_21586	terpene	Terpene		
SRR14196806.3.fa_antismash_k141_65033.region001	k141_65033	k141_65033	terpene	Terpene		
SRR14196807.2.fa_antismash_k141_35613.region001	k141_35613	k141_35613	terpene	Terpene		
SRR14196810.2.fa_antismash_k141_115742.region001	k141_115742	k141_115742	terpene	Terpene		
SRR16695303_bins3.1.fa_antismash_k119_24881.region001	k119_24881	k119_24881	terpene	Terpene		
SRR16695303_bins3.1.fa_antismash_k119_92644.region001	k119_92644	k119_92644	terpene	Terpene		
SRR16695303_bins3.2.fa_antismash_k119_69998.region001	k119_69998	k119_69998	terpene	Terpene		
SRR16695303_bins3.2.fa_antismash_k119_8152.region001	k119_8152	k119_8152	terpene	Terpene		
SRR18172542.4.fa_antismash_k141_72180.region001	k141_72180	k141_72180	terpene	Terpene		
USHLN009_contigs.fa_antismash_contig00005.region001	contig00005	contig00005 len=294849 cov=37.3 corr=0 origname=NODE_5_length_294849_cov_37.315728_pilon sw=shovill-spades/1.1.0 date=20221107	terpene	Terpene		
USHLN009_contigs.fa_antismash_contig00008.region001	contig00008	contig00008 len=242675 cov=38.3 corr=0 origname=NODE_8_length_242675_cov_38.280545_pilon sw=shovill-spades/1.1.0 date=20221107	terpene	Terpene		
USHLN018_contigs.fa_antismash_contig00001.region002	contig00001	contig00001 len=1201811 cov=32.6 corr=0 origname=NODE_1_length_1201811_cov_32.600071_pilon sw=shovill-spades/1.1.0 date=20220828	terpene	Terpene		
USHLN018_contigs.fa_antismash_contig00002.region001	contig00002	contig00002 len=988434 cov=22.2 corr=0 origname=NODE_2_length_988434_cov_22.219180_pilon sw=shovill-spades/1.1.0 date=20220828	terpene	Terpene		
USHLN018_contigs.fa_antismash_contig00004.region001	contig00004	contig00004 len=413560 cov=33.4 corr=0 origname=NODE_4_length_413560_cov_33.415860_pilon sw=shovill-spades/1.1.0 date=20220828	terpene	Terpene		
USHLN022_contigs.fa_antismash_contig00005.region001	contig00005	contig00005 len=317092 cov=14.8 corr=0 origname=NODE_5_length_317092_cov_14.833331_pilon sw=shovill-spades/1.1.0 date=20220828	terpene	Terpene		
USHLN023_contigs.fa_antismash_contig00001.region002	contig00001	contig00001 len=710196 cov=29.2 corr=0 origname=NODE_1_length_710196_cov_29.194298_pilon sw=shovill-spades/1.1.0 date=20220828	terpene	Terpene		
USHLN023_contigs.fa_antismash_contig00003.region001	contig00003	contig00003 len=489579 cov=30.4 corr=0 origname=NODE_3_length_489579_cov_30.443911_pilon sw=shovill-spades/1.1.0 date=20220828	terpene	Terpene		
USHLN028_contigs.fa_antismash_contig00001.region004	contig00001	contig00001 len=3093604 cov=38.8 corr=0 origname=NODE_1_length_3093604_cov_38.759064_pilon sw=shovill-spades/1.1.0 date=20220828	terpene	Terpene		
USHLN029_contigs.fa_antismash_contig00012.region001	contig00012	contig00012 len=117508 cov=26.0 corr=0 origname=NODE_12_length_117508_cov_25.978407_pilon sw=shovill-spades/1.1.0 date=20220828	terpene	Terpene		
USHLN030_contigs.fa_antismash_contig00005.region001	contig00005	contig00005 len=733355 cov=20.5 corr=0 origname=NODE_5_length_733355_cov_20.498564_pilon sw=shovill-spades/1.1.0 date=20220828	terpene	Terpene		
USHLN139_contigs.fa_antismash_contig00001.region001	contig00001	contig00001 len=1593529 cov=37.1 corr=0 origname=NODE_1_length_1593529_cov_37.142873_pilon sw=shovill-spades/1.1.0 date=20220828	terpene	Terpene		
USHLN139_contigs.fa_antismash_contig00001.region002	contig00001	contig00001 len=1593529 cov=37.1 corr=0 origname=NODE_1_length_1593529_cov_37.142873_pilon sw=shovill-spades/1.1.0 date=20220828	terpene.NRPS-like	Others		
USHLN148_contigs.fa_antismash_contig00004.region001	contig00004	contig00004 len=430043 cov=46.2 corr=0 origname=NODE_4_length_430043_cov_46.214018_pilon sw=shovill-spades/1.1.0 date=20221107	terpene	Terpene		
USHLN150_contigs.fa_antismash_contig00001.region003	contig00001	contig00001 len=912742 cov=25.9 corr=0 origname=NODE_1_length_912742_cov_25.902556_pilon sw=shovill-spades/1.1.0 date=20221107	NRPS.terpene	Others		
USHLN150_contigs.fa_antismash_contig00019.region001	contig00019	contig00019 len=155920 cov=35.6 corr=0 origname=NODE_19_length_155920_cov_35.628301_pilon sw=shovill-spades/1.1.0 date=20221107	terpene	Terpene		
USHLN152_contigs.fa_antismash_contig00001.region003	contig00001	contig00001 len=968890 cov=19.0 corr=0 origname=NODE_1_length_968890_cov_18.954974_pilon sw=shovill-spades/1.1.0 date=20220828	terpene	Terpene		
USHLN153_contigs.fa_antismash_contig00004.region001	contig00004	contig00004 len=438674 cov=48.3 corr=0 origname=NODE_4_length_438674_cov_48.314778_pilon sw=shovill-spades/1.1.0 date=20221107	terpene	Terpene		
USHLN154_contigs.fa_antismash_contig00002.region001	contig00002	contig00002 len=431759 cov=51.2 corr=0 origname=NODE_2_length_431759_cov_51.176097_pilon sw=shovill-spades/1.1.0 date=20221107	terpene	Terpene		
USHLN155_contigs.fa_antismash_contig00004.region001	contig00004	contig00004 len=367892 cov=49.9 corr=0 origname=NODE_4_length_367892_cov_49.924868_pilon sw=shovill-spades/1.1.0 date=20221107	terpene	Terpene		
USHLN158_contigs.fa_antismash_contig00005.region001	contig00005	contig00005 len=422973 cov=31.6 corr=0 origname=NODE_5_length_422973_cov_31.558506_pilon sw=shovill-spades/1.1.0 date=20220828	terpene	Terpene		
USHLN159_contigs.fa_antismash_contig00002.region001	contig00002	contig00002 len=690592 cov=31.4 corr=0 origname=NODE_2_length_690592_cov_31.363242_pilon sw=shovill-spades/1.1.0 date=20220828	terpene	Terpene		
USHLN160_contigs.fa_antismash_contig00002.region002	contig00002	contig00002 len=690592 cov=43.0 corr=0 origname=NODE_2_length_690592_cov_43.047849_pilon sw=shovill-spades/1.1.0 date=20220828	terpene	Terpene		
USHLN162_contigs.fa_antismash_contig00003.region001	contig00003	contig00003 len=690589 cov=33.4 corr=0 origname=NODE_3_length_690589_cov_33.435666_pilon sw=shovill-spades/1.1.0 date=20220829	terpene	Terpene		
USHLN164_contigs.fa_antismash_contig00002.region002	contig00002	contig00002 len=690592 cov=37.4 corr=0 origname=NODE_2_length_690592_cov_37.401007_pilon sw=shovill-spades/1.1.0 date=20220829	terpene	Terpene		
USHLN165_contigs.fa_antismash_contig00005.region002	contig00005	contig00005 len=454998 cov=25.9 corr=0 origname=NODE_5_length_454998_cov_25.875914_pilon sw=shovill-spades/1.1.0 date=20220829	hserlactone.terpene	Others		
USHLN168_contigs.fa_antismash_contig00005.region001	contig00005	contig00005 len=348690 cov=27.9 corr=0 origname=NODE_5_length_348690_cov_27.903170_pilon sw=shovill-spades/1.1.0 date=20220829	terpene	Terpene		
USHLN169_contigs.fa_antismash_contig00001.region001	contig00001	contig00001 len=831436 cov=33.9 corr=0 origname=NODE_1_length_831436_cov_33.932460_pilon sw=shovill-spades/1.1.0 date=20220829	terpene	Terpene		
USHLN169_contigs.fa_antismash_contig00004.region001	contig00004	contig00004 len=491839 cov=48.8 corr=0 origname=NODE_4_length_491839_cov_48.759206_pilon sw=shovill-spades/1.1.0 date=20220829	terpene	Terpene		
USHLN172_contigs.fa_antismash_contig00001.region007	contig00001	contig00001 len=2193366 cov=24.6 corr=0 origname=NODE_1_length_2193366_cov_24.579535_pilon sw=shovill-spades/1.1.0 date=20220829	terpene	Terpene		
USHLN173_contigs.fa_antismash_contig00001.region001	contig00001	contig00001 len=866464 cov=33.3 corr=0 origname=NODE_1_length_866464_cov_33.338286_pilon sw=shovill-spades/1.1.0 date=20220829	terpene	Terpene		
USHLN173_contigs.fa_antismash_contig00005.region001	contig00005	contig00005 len=189375 cov=46.2 corr=0 origname=NODE_5_length_189375_cov_46.228485_pilon sw=shovill-spades/1.1.0 date=20220829	terpene	Terpene		
USHLN178_contigs.fa_antismash_contig00001.region001	contig00001	contig00001 len=802723 cov=48.8 corr=0 origname=NODE_1_length_802723_cov_48.766122_pilon sw=shovill-spades/1.1.0 date=20220829	terpene	Terpene		
USHLN180_contigs.fa_antismash_contig00001.region001	contig00001	contig00001 len=803670 cov=33.5 corr=0 origname=NODE_1_length_803670_cov_33.468162_pilon sw=shovill-spades/1.1.0 date=20220829	terpene	Terpene		
USHLN181_contigs.fa_antismash_contig00004.region001	contig00004	contig00004 len=472940 cov=20.9 corr=0 origname=NODE_4_length_472940_cov_20.893308_pilon sw=shovill-spades/1.1.0 date=20220829	terpene	Terpene		
USHLN183_contigs.fa_antismash_contig00001.region001	contig00001	contig00001 len=1118453 cov=24.1 corr=0 origname=NODE_1_length_1118453_cov_24.088228_pilon sw=shovill-spades/1.1.0 date=20220829	terpene	Terpene		
USHLN186_contigs.fa_antismash_contig00007.region001	contig00007	contig00007 len=151904 cov=43.6 corr=0 origname=NODE_7_length_151904_cov_43.555098_pilon sw=shovill-spades/1.1.0 date=20220829	terpene	Terpene		
USHLN188_contigs.fa_antismash_contig00001.region002	contig00001	contig00001 len=1653928 cov=23.8 corr=0 origname=NODE_1_length_1653928_cov_23.834814_pilon sw=shovill-spades/1.1.0 date=20220829	terpene	Terpene		
USHLN188_contigs.fa_antismash_contig00001.region005	contig00001	contig00001 len=1653928 cov=23.8 corr=0 origname=NODE_1_length_1653928_cov_23.834814_pilon sw=shovill-spades/1.1.0 date=20220829	terpene	Terpene		
USHLN190_contigs.fa_antismash_contig00002.region003	contig00002	contig00002 len=1070717 cov=27.7 corr=0 origname=NODE_2_length_1070717_cov_27.682534_pilon sw=shovill-spades/1.1.0 date=20220829	terpene	Terpene		
USHLN190_contigs.fa_antismash_contig00003.region002	contig00003	contig00003 len=581037 cov=23.3 corr=0 origname=NODE_3_length_581037_cov_23.250949_pilon sw=shovill-spades/1.1.0 date=20220829	terpene	Terpene		
USHLN191_contigs.fa_antismash_contig00001.region001	contig00001	contig00001 len=802723 cov=38.3 corr=0 origname=NODE_1_length_802723_cov_38.295339_pilon sw=shovill-spades/1.1.0 date=20220829	terpene	Terpene		
USHLN192_contigs.fa_antismash_contig00001.region001	contig00001	contig00001 len=1575136 cov=30.0 corr=0 origname=NODE_1_length_1575136_cov_30.000378_pilon sw=shovill-spades/1.1.0 date=20220829	terpene	Terpene		
USHLN193_contigs.fa_antismash_contig00004.region001	contig00004	contig00004 len=535546 cov=17.8 corr=0 origname=NODE_4_length_535546_cov_17.844043_pilon sw=shovill-spades/1.1.0 date=20220829	terpene	Terpene		
USHLN195_contigs.fa_antismash_contig00001.region006	contig00001	contig00001 len=2381181 cov=24.3 corr=0 origname=NODE_1_length_2381181_cov_24.297304_pilon sw=shovill-spades/1.1.0 date=20220829	terpene	Terpene		
USHLN196_contigs.fa_antismash_contig00006.region001	contig00006	contig00006 len=487351 cov=26.5 corr=0 origname=NODE_6_length_487351_cov_26.496833_pilon sw=shovill-spades/1.1.0 date=20220829	terpene	Terpene		
USHLN197_contigs.fa_antismash_contig00001.region002	contig00001	contig00001 len=969869 cov=38.0 corr=0 origname=NODE_1_length_969869_cov_38.013221_pilon sw=shovill-spades/1.1.0 date=20220829	terpene.NI-siderophore	Others		
USHLN197_contigs.fa_antismash_contig00002.region001	contig00002	contig00002 len=936865 cov=38.2 corr=0 origname=NODE_2_length_936865_cov_38.233767_pilon sw=shovill-spades/1.1.0 date=20220829	terpene	Terpene		
USHLN198_contigs.fa_antismash_contig00006.region001	contig00006	contig00006 len=287530 cov=30.4 corr=0 origname=NODE_6_length_287530_cov_30.437577_pilon sw=shovill-spades/1.1.0 date=20220829	terpene	Terpene		
USHLN199_contigs.fa_antismash_contig00002.region001	contig00002	contig00002 len=690589 cov=32.4 corr=0 origname=NODE_2_length_690589_cov_32.426832_pilon sw=shovill-spades/1.1.0 date=20220829	terpene	Terpene		
USHLN200_contigs.fa_antismash_contig00002.region001	contig00002	contig00002 len=690589 cov=38.3 corr=0 origname=NODE_2_length_690589_cov_38.314127_pilon sw=shovill-spades/1.1.0 date=20220829	terpene	Terpene		
USHLN205_contigs.fa_antismash_contig00001.region001	contig00001	contig00001 len=728057 cov=35.5 corr=0 origname=NODE_1_length_728057_cov_35.474260_pilon sw=shovill-spades/1.1.0 date=20220829	terpene	Terpene		
USHLN205_contigs.fa_antismash_contig00005.region001	contig00005	contig00005 len=175684 cov=51.9 corr=0 origname=NODE_5_length_175684_cov_51.923200_pilon sw=shovill-spades/1.1.0 date=20220829	terpene	Terpene		
USHLN208_contigs.fa_antismash_contig00002.region001	contig00002	contig00002 len=367704 cov=43.5 corr=1 origname=NODE_2_length_367704_cov_43.493995_pilon sw=shovill-spades/1.1.0 date=20221107	terpene	Terpene		
USHLN210_contigs.fa_antismash_contig00010.region001	contig00010	contig00010 len=155398 cov=47.8 corr=0 origname=NODE_10_length_155398_cov_47.829702_pilon sw=shovill-spades/1.1.0 date=20221107	terpene	Terpene		
USHLN211_contigs.fa_antismash_contig00001.region002	contig00001	contig00001 len=871229 cov=35.9 corr=0 origname=NODE_1_length_871229_cov_35.908534_pilon sw=shovill-spades/1.1.0 date=20220829	terpene.NI-siderophore	Others		
USHLN211_contigs.fa_antismash_contig00002.region002	contig00002	contig00002 len=464138 cov=36.1 corr=0 origname=NODE_2_length_464138_cov_36.110054_pilon sw=shovill-spades/1.1.0 date=20220829	terpene	Terpene		
USHLN213_contigs.fa_antismash_contig00009.region001	contig00009	contig00009 len=194270 cov=49.6 corr=0 origname=NODE_9_length_194270_cov_49.588399_pilon sw=shovill-spades/1.1.0 date=20221107	terpene	Terpene		
USHLN215_contigs.fa_antismash_contig00010.region001	contig00010	contig00010 len=169731 cov=45.7 corr=0 origname=NODE_10_length_169731_cov_45.704970_pilon sw=shovill-spades/1.1.0 date=20220829	terpene.T3PKS	Others		
USHLN215_contigs.fa_antismash_contig00021.region001	contig00021	contig00021 len=17428 cov=27.9 corr=0 origname=NODE_21_length_17428_cov_27.856904_pilon sw=shovill-spades/1.1.0 date=20220829	terpene	Terpene		
USHLN217_contigs.fa_antismash_contig00004.region001	contig00004	contig00004 len=329263 cov=45.2 corr=0 origname=NODE_4_length_329263_cov_45.232935_pilon sw=shovill-spades/1.1.0 date=20220829	terpene	Terpene		
USHLN218_contigs.fa_antismash_contig00002.region003	contig00002	contig00002 len=785068 cov=40.8 corr=0 origname=NODE_2_length_785068_cov_40.822665_pilon sw=shovill-spades/1.1.0 date=20220829	terpene	Terpene		
USHLN220_contigs.fa_antismash_contig00007.region001	contig00007	contig00007 len=137518 cov=38.8 corr=0 origname=NODE_7_length_137518_cov_38.764881_pilon sw=shovill-spades/1.1.0 date=20221107	terpene	Terpene		
USHLN227_contigs.fa_antismash_contig00021.region001	contig00021	contig00021 len=82680 cov=32.3 corr=0 origname=NODE_21_length_82680_cov_32.286233_pilon sw=shovill-spades/1.1.0 date=20220829	terpene	Terpene		
USHLN228_contigs.fa_antismash_contig00008.region001	contig00008	contig00008 len=163161 cov=48.3 corr=0 origname=NODE_8_length_163161_cov_48.263803_pilon sw=shovill-spades/1.1.0 date=20220829	terpene	Terpene		
USHLN229_contigs.fa_antismash_contig00020.region001	contig00020	contig00020 len=23411 cov=45.9 corr=0 origname=NODE_20_length_23411_cov_45.925923_pilon sw=shovill-spades/1.1.0 date=20220829	terpene	Terpene		
USHLN230_contigs.fa_antismash_contig00005.region001	contig00005	contig00005 len=196397 cov=53.3 corr=0 origname=NODE_5_length_196397_cov_53.295543_pilon sw=shovill-spades/1.1.0 date=20220829	terpene	Terpene		
USHLN232_contigs.fa_antismash_contig00021.region001	contig00021	contig00021 len=23372 cov=48.5 corr=0 origname=NODE_21_length_23372_cov_48.532737_pilon sw=shovill-spades/1.1.0 date=20220829	terpene	Terpene		
USHLN234_contigs.fa_antismash_contig00003.region001	contig00003	contig00003 len=353713 cov=57.4 corr=0 origname=NODE_3_length_353713_cov_57.424528_pilon sw=shovill-spades/1.1.0 date=20220829	terpene	Terpene		
USHLN248_contigs.fa_antismash_contig00034.region001	contig00034	contig00034 len=44173 cov=40.0 corr=0 origname=NODE_34_length_44173_cov_40.024534_pilon sw=shovill-spades/1.1.0 date=20220829	terpene	Terpene		
USHLN256_contigs.fa_antismash_contig00002.region002	contig00002	contig00002 len=951322 cov=41.2 corr=0 origname=NODE_2_length_951322_cov_41.182717_pilon sw=shovill-spades/1.1.0 date=20221107	terpene	Terpene		
USHLN268_contigs.fa_antismash_contig00001.region002	contig00001	contig00001 len=1009062 cov=47.0 corr=0 origname=NODE_1_length_1009062_cov_46.972344_pilon sw=shovill-spades/1.1.0 date=20221107	terpene	Terpene		
USHLN268_contigs.fa_antismash_contig00002.region003	contig00002	contig00002 len=851346 cov=40.9 corr=0 origname=NODE_2_length_851346_cov_40.897030_pilon sw=shovill-spades/1.1.0 date=20221107	terpene	Terpene		
USHLN272_contigs.fa_antismash_contig00002.region001	contig00002	contig00002 len=335657 cov=41.9 corr=0 origname=NODE_2_length_335657_cov_41.948764_pilon sw=shovill-spades/1.1.0 date=20221107	terpene	Terpene		
USHLN273_contigs.fa_antismash_contig00001.region002	contig00001	contig00001 len=1029302 cov=39.5 corr=0 origname=NODE_1_length_1029302_cov_39.533041_pilon sw=shovill-spades/1.1.0 date=20221107	terpene	Terpene		
USHLN278_contigs.fa_antismash_contig00001.region001	contig00001	contig00001 len=1859954 cov=41.0 corr=0 origname=NODE_1_length_1859954_cov_40.975280_pilon sw=shovill-spades/1.1.0 date=20220829	terpene	Terpene		
USHLN278_contigs.fa_antismash_contig00001.region005	contig00001	contig00001 len=1859954 cov=41.0 corr=0 origname=NODE_1_length_1859954_cov_40.975280_pilon sw=shovill-spades/1.1.0 date=20220829	terpene	Terpene		
USHLN279_contigs.fa_antismash_contig00008.region002	contig00008	contig00008 len=249125 cov=30.6 corr=0 origname=NODE_8_length_249125_cov_30.626310_pilon sw=shovill-spades/1.1.0 date=20220829	terpene	Terpene		
USHLN280_contigs.fa_antismash_contig00008.region002	contig00008	contig00008 len=249125 cov=31.4 corr=0 origname=NODE_8_length_249125_cov_31.356394_pilon sw=shovill-spades/1.1.0 date=20221107	terpene	Terpene		
USHLN288_contigs.fa_antismash_contig00001.region002	contig00001	contig00001 len=825133 cov=45.0 corr=0 origname=NODE_1_length_825133_cov_44.976957_pilon sw=shovill-spades/1.1.0 date=20221107	terpene	Terpene		
USHLN290_contigs.fa_antismash_contig00001.region002	contig00001	contig00001 len=825159 cov=40.5 corr=0 origname=NODE_1_length_825159_cov_40.454806_pilon sw=shovill-spades/1.1.0 date=20221107	terpene	Terpene		
USHLN292_contigs.fa_antismash_contig00001.region002	contig00001	contig00001 len=904056 cov=30.9 corr=0 origname=NODE_1_length_904056_cov_30.854185_pilon sw=shovill-spades/1.1.0 date=20221108	terpene	Terpene		
USHLN293_contigs.fa_antismash_contig00001.region001	contig00001	contig00001 len=1135355 cov=35.3 corr=0 origname=NODE_1_length_1135355_cov_35.309400_pilon sw=shovill-spades/1.1.0 date=20221108	terpene	Terpene		
USHLN293_contigs.fa_antismash_contig00002.region001	contig00002	contig00002 len=732254 cov=34.3 corr=0 origname=NODE_2_length_732254_cov_34.311054_pilon sw=shovill-spades/1.1.0 date=20221108	terpene	Terpene		
USHLN295_contigs.fa_antismash_contig00003.region002	contig00003	contig00003 len=359925 cov=36.5 corr=0 origname=NODE_3_length_359925_cov_36.486154_pilon sw=shovill-spades/1.1.0 date=20221108	terpene	Terpene		
USHLN298_contigs.fa_antismash_contig00005.region002	contig00005	contig00005 len=484699 cov=44.4 corr=0 origname=NODE_5_length_484699_cov_44.429206_pilon sw=shovill-spades/1.1.0 date=20221108	terpene	Terpene		
USHLN32_contigs.fa_antismash_contig00002.region002	contig00002	contig00002 len=821742 cov=30.5 corr=0 origname=NODE_2_length_821742_cov_30.483634_pilon sw=shovill-spades/1.1.0 date=20220627	terpene	Terpene		
USHLN34_contigs.fa_antismash_contig00004.region001	contig00004	contig00004 len=287296 cov=29.0 corr=0 origname=NODE_4_length_287296_cov_28.980768_pilon sw=shovill-spades/1.1.0 date=20220627	terpene	Terpene		
USHLN35_contigs.fa_antismash_contig00002.region001	contig00002	contig00002 len=1006901 cov=35.7 corr=0 origname=NODE_2_length_1006901_cov_35.653178_pilon sw=shovill-spades/1.1.0 date=20220627	terpene	Terpene		
USMM049_contigs.fa_antismash_contig00014.region001	contig00014	contig00014 len=137442 cov=37.8 corr=0 origname=NODE_14_length_137442_cov_37.798268_pilon sw=shovill-spades/1.1.0 date=20221108	terpene	Terpene		
USMM050_contigs.fa_antismash_contig00014.region001	contig00014	contig00014 len=137435 cov=43.9 corr=0 origname=NODE_14_length_137435_cov_43.913067_pilon sw=shovill-spades/1.1.0 date=20221108	terpene	Terpene		
USMM056_contigs.fa_antismash_contig00013.region001	contig00013	contig00013 len=137435 cov=46.9 corr=0 origname=NODE_13_length_137435_cov_46.855830_pilon sw=shovill-spades/1.1.0 date=20221108	terpene	Terpene		
USMM057_contigs.fa_antismash_contig00014.region001	contig00014	contig00014 len=137435 cov=36.9 corr=0 origname=NODE_14_length_137435_cov_36.932517_pilon sw=shovill-spades/1.1.0 date=20221108	terpene	Terpene		
USMM074_contigs.fa_antismash_contig00003.region001	contig00003	contig00003 len=607453 cov=20.8 corr=0 origname=NODE_3_length_607453_cov_20.815671_pilon sw=shovill-spades/1.1.0 date=20221108	terpene	Terpene		
USMM075_contigs.fa_antismash_contig00002.region001	contig00002	contig00002 len=607453 cov=25.6 corr=0 origname=NODE_2_length_607453_cov_25.563108_pilon sw=shovill-spades/1.1.0 date=20221108	terpene	Terpene		
USMM078_contigs.fa_antismash_contig00022.region001	contig00022	contig00022 len=95182 cov=32.7 corr=0 origname=NODE_22_length_95182_cov_32.724879_pilon sw=shovill-spades/1.1.0 date=20221108	terpene	Terpene		
USMM079_contigs.fa_antismash_contig00022.region001	contig00022	contig00022 len=95182 cov=27.2 corr=0 origname=NODE_22_length_95182_cov_27.194129_pilon sw=shovill-spades/1.1.0 date=20221108	terpene	Terpene		
USMM080_contigs.fa_antismash_contig00004.region002	contig00004	contig00004 len=437528 cov=45.5 corr=0 origname=NODE_4_length_437528_cov_45.545335_pilon sw=shovill-spades/1.1.0 date=20221108	terpene	Terpene		
USMM081_contigs.fa_antismash_contig00004.region002	contig00004	contig00004 len=437528 cov=43.4 corr=0 origname=NODE_4_length_437528_cov_43.425532_pilon sw=shovill-spades/1.1.0 date=20221108	terpene	Terpene		
USMM082_contigs.fa_antismash_contig00001.region001	contig00001	contig00001 len=1132682 cov=32.7 corr=0 origname=NODE_1_length_1132682_cov_32.737211_pilon sw=shovill-spades/1.1.0 date=20221108	terpene	Terpene		
USMM082_contigs.fa_antismash_contig00006.region001	contig00006	contig00006 len=279158 cov=24.0 corr=0 origname=NODE_6_length_279158_cov_24.032901_pilon sw=shovill-spades/1.1.0 date=20221108	terpene	Terpene		
USMM082_contigs.fa_antismash_contig00008.region001	contig00008	contig00008 len=268674 cov=29.7 corr=0 origname=NODE_8_length_268674_cov_29.748997_pilon sw=shovill-spades/1.1.0 date=20221108	terpene	Terpene		
USMM083_contigs.fa_antismash_contig00001.region001	contig00001	contig00001 len=1132682 cov=27.7 corr=0 origname=NODE_1_length_1132682_cov_27.731328_pilon sw=shovill-spades/1.1.0 date=20221108	terpene	Terpene		
USMM083_contigs.fa_antismash_contig00005.region001	contig00005	contig00005 len=279158 cov=20.0 corr=0 origname=NODE_5_length_279158_cov_20.028368_pilon sw=shovill-spades/1.1.0 date=20221108	terpene	Terpene		
USMM083_contigs.fa_antismash_contig00007.region001	contig00007	contig00007 len=268674 cov=24.9 corr=0 origname=NODE_7_length_268674_cov_24.885721_pilon sw=shovill-spades/1.1.0 date=20221108	terpene	Terpene		
USMM086_contigs.fa_antismash_contig00014.region001	contig00014	contig00014 len=160469 cov=21.3 corr=0 origname=NODE_14_length_160469_cov_21.312208_pilon sw=shovill-spades/1.1.0 date=20221108	terpene	Terpene		
USMM087_contigs.fa_antismash_contig00015.region001	contig00015	contig00015 len=160469 cov=19.1 corr=0 origname=NODE_15_length_160469_cov_19.072232_pilon sw=shovill-spades/1.1.0 date=20221108	terpene	Terpene		
USMM088_contigs.fa_antismash_contig00001.region003	contig00001	contig00001 len=967892 cov=12.0 corr=0 origname=NODE_1_length_967892_cov_11.953688_pilon sw=shovill-spades/1.1.0 date=20221108	terpene	Terpene		
USMM091_contigs.fa_antismash_contig00002.region001	contig00002	contig00002 len=629415 cov=23.0 corr=0 origname=NODE_2_length_629415_cov_22.986553_pilon sw=shovill-spades/1.1.0 date=20221108	terpene	Terpene		
USMM093_contigs.fa_antismash_contig00001.region001	contig00001	contig00001 len=706818 cov=21.7 corr=0 origname=NODE_1_length_706818_cov_21.725163_pilon sw=shovill-spades/1.1.0 date=20221108	terpene	Terpene		
USMM094_contigs.fa_antismash_contig00003.region001	contig00003	contig00003 len=591288 cov=41.6 corr=0 origname=NODE_3_length_591288_cov_41.581976_pilon sw=shovill-spades/1.1.0 date=20221108	terpene	Terpene		
USMM095_contigs.fa_antismash_contig00003.region001	contig00003	contig00003 len=591288 cov=40.3 corr=0 origname=NODE_3_length_591288_cov_40.265919_pilon sw=shovill-spades/1.1.0 date=20221108	terpene	Terpene		
USMM096_contigs.fa_antismash_contig00002.region001	contig00002	contig00002 len=591288 cov=40.0 corr=0 origname=NODE_2_length_591288_cov_40.045822_pilon sw=shovill-spades/1.1.0 date=20221108	terpene	Terpene		
USMM097_contigs.fa_antismash_contig00003.region001	contig00003	contig00003 len=591288 cov=33.9 corr=0 origname=NODE_3_length_591288_cov_33.930270_pilon sw=shovill-spades/1.1.0 date=20221108	terpene	Terpene		
USMM099_contigs.fa_antismash_contig00004.region002	contig00004	contig00004 len=828770 cov=30.9 corr=0 origname=NODE_4_length_828770_cov_30.877678_pilon sw=shovill-spades/1.1.0 date=20221108	terpene	Terpene		
USMM101_contigs.fa_antismash_contig00004.region001	contig00004	contig00004 len=517010 cov=39.7 corr=0 origname=NODE_4_length_517010_cov_39.662876_pilon sw=shovill-spades/1.1.0 date=20221108	terpene	Terpene		
USMM102_contigs.fa_antismash_contig00007.region001	contig00007	contig00007 len=203978 cov=47.0 corr=0 origname=NODE_7_length_203978_cov_47.020876_pilon sw=shovill-spades/1.1.0 date=20221108	terpene	Terpene		
USMM103_contigs.fa_antismash_contig00007.region001	contig00007	contig00007 len=203907 cov=46.4 corr=0 origname=NODE_7_length_203907_cov_46.377274_pilon sw=shovill-spades/1.1.0 date=20221108	terpene	Terpene		
USMM104_contigs.fa_antismash_contig00006.region001	contig00006	contig00006 len=203921 cov=47.2 corr=0 origname=NODE_6_length_203921_cov_47.166587_pilon sw=shovill-spades/1.1.0 date=20221108	terpene	Terpene		
USMM105_contigs.fa_antismash_contig00007.region001	contig00007	contig00007 len=203907 cov=47.5 corr=0 origname=NODE_7_length_203907_cov_47.485044_pilon sw=shovill-spades/1.1.0 date=20221108	terpene	Terpene		
USMM108_contigs.fa_antismash_contig00003.region002	contig00003	contig00003 len=828770 cov=35.0 corr=0 origname=NODE_3_length_828770_cov_35.018639_pilon sw=shovill-spades/1.1.0 date=20221108	terpene	Terpene		
USMM111_contigs.fa_antismash_contig00002.region001	contig00002	contig00002 len=613407 cov=38.7 corr=0 origname=NODE_2_length_613407_cov_38.698917_pilon sw=shovill-spades/1.1.0 date=20221108	terpene	Terpene		
USMM117_contigs.fa_antismash_contig00002.region001	contig00002	contig00002 len=518589 cov=41.1 corr=0 origname=NODE_2_length_518589_cov_41.061465_pilon sw=shovill-spades/1.1.0 date=20221108	terpene	Terpene		
USMM117_contigs.fa_antismash_contig00005.region001	contig00005	contig00005 len=280167 cov=54.0 corr=0 origname=NODE_5_length_280167_cov_53.985696_pilon sw=shovill-spades/1.1.0 date=20221108	terpene	Terpene		
USMM117_contigs.fa_antismash_contig00007.region001	contig00007	contig00007 len=250266 cov=49.9 corr=0 origname=NODE_7_length_250266_cov_49.919058_pilon sw=shovill-spades/1.1.0 date=20221108	terpene	Terpene		
USMM117_contigs.fa_antismash_contig00014.region001	contig00014	contig00014 len=158975 cov=30.5 corr=0 origname=NODE_14_length_158975_cov_30.484710_pilon sw=shovill-spades/1.1.0 date=20221108	terpene	Terpene		
USMM118_contigs.fa_antismash_contig00004.region001	contig00004	contig00004 len=291518 cov=28.9 corr=0 origname=NODE_4_length_291518_cov_28.886945_pilon sw=shovill-spades/1.1.0 date=20221109	terpene	Terpene		
USMM118_contigs.fa_antismash_contig00005.region001	contig00005	contig00005 len=280566 cov=39.4 corr=0 origname=NODE_5_length_280566_cov_39.436894_pilon sw=shovill-spades/1.1.0 date=20221109	terpene	Terpene		
USMM118_contigs.fa_antismash_contig00006.region001	contig00006	contig00006 len=250266 cov=36.8 corr=0 origname=NODE_6_length_250266_cov_36.780444_pilon sw=shovill-spades/1.1.0 date=20221109	terpene	Terpene		
USMM118_contigs.fa_antismash_contig00012.region001	contig00012	contig00012 len=158975 cov=21.8 corr=0 origname=NODE_12_length_158975_cov_21.773177_pilon sw=shovill-spades/1.1.0 date=20221109	terpene	Terpene		
USMM135_contigs.fa_antismash_contig00001.region001	contig00001	contig00001 len=992712 cov=43.3 corr=0 origname=NODE_1_length_992712_cov_43.282581_pilon sw=shovill-spades/1.1.0 date=20221109	terpene	Terpene		
USMM135_contigs.fa_antismash_contig00002.region002	contig00002	contig00002 len=731011 cov=39.7 corr=0 origname=NODE_2_length_731011_cov_39.687228_pilon sw=shovill-spades/1.1.0 date=20221109	terpene	Terpene		
USMM136_contigs.fa_antismash_contig00001.region001	contig00001	contig00001 len=992255 cov=44.0 corr=0 origname=NODE_1_length_992255_cov_44.009884_pilon sw=shovill-spades/1.1.0 date=20221109	terpene	Terpene		
USMM136_contigs.fa_antismash_contig00002.region001	contig00002	contig00002 len=731012 cov=40.4 corr=0 origname=NODE_2_length_731012_cov_40.372079_pilon sw=shovill-spades/1.1.0 date=20221109	terpene	Terpene		
USMM236_contigs.fa_antismash_contig00001.region003	contig00001	contig00001 len=1153815 cov=46.5 corr=0 origname=NODE_1_length_1153815_cov_46.515302_pilon sw=shovill-spades/1.1.0 date=20221109	terpene	Terpene		
USMM236_contigs.fa_antismash_contig00007.region001	contig00007	contig00007 len=231877 cov=37.1 corr=0 origname=NODE_7_length_231877_cov_37.112618_pilon sw=shovill-spades/1.1.0 date=20221109	terpene	Terpene		
USMM241_contigs.fa_antismash_contig00005.region001	contig00005	contig00005 len=332060 cov=21.0 corr=0 origname=NODE_5_length_332060_cov_20.978843_pilon sw=shovill-spades/1.1.0 date=20221109	NRPS.terpene	Others		
USMM241_contigs.fa_antismash_contig00012.region001	contig00012	contig00012 len=197099 cov=21.0 corr=0 origname=NODE_12_length_197099_cov_20.988385_pilon sw=shovill-spades/1.1.0 date=20221109	terpene	Terpene		
VD11_contigs.fa_antismash_contig00129.region001	contig00129	contig00129 len=10202 cov=2.3 corr=0 origname=NODE_129_length_10202_cov_2.312655_pilon sw=shovill-spades/1.1.0 date=20220627	terpene	Terpene		
VD19_contigs.fa_antismash_contig00004.region001	contig00004	contig00004 len=264369 cov=4.8 corr=7 origname=NODE_4_length_264369_cov_4.802556_pilon sw=shovill-spades/1.1.0 date=20220627	terpene	Terpene		
VD1_contigs.fa_antismash_contig00002.region001	contig00002	contig00002 len=797071 cov=9.0 corr=0 origname=NODE_2_length_797071_cov_9.029890_pilon sw=shovill-spades/1.1.0 date=20221111	terpene	Terpene		
VD20_contigs.fa_antismash_contig00083.region001	contig00083	contig00083 len=13153 cov=3.8 corr=17 origname=NODE_83_length_13153_cov_3.778467_pilon sw=shovill-spades/1.1.0 date=20220627	terpene	Terpene		
VD21_contigs.fa_antismash_contig00059.region001	contig00059	contig00059 len=27333 cov=3.8 corr=21 origname=NODE_59_length_27333_cov_3.829242_pilon sw=shovill-spades/1.1.0 date=20220627	terpene	Terpene		
VD22_contigs.fa_antismash_contig00026.region001	contig00026	contig00026 len=23343 cov=7.8 corr=0 origname=NODE_26_length_23343_cov_7.772743_pilon sw=shovill-spades/1.1.0 date=20220627	terpene	Terpene		
VD23_contigs.fa_antismash_contig00002.region002	contig00002	contig00002 len=451668 cov=8.3 corr=0 origname=NODE_2_length_451668_cov_8.323676_pilon sw=shovill-spades/1.1.0 date=20220627	terpene	Terpene		
VD24_contigs.fa_antismash_contig00003.region001	contig00003	contig00003 len=186513 cov=4.3 corr=108 origname=NODE_3_length_186513_cov_4.318865_pilon sw=shovill-spades/1.1.0 date=20220627	terpene	Terpene		
VD25_contigs.fa_antismash_contig00016.region001	contig00016	contig00016 len=97250 cov=8.1 corr=0 origname=NODE_16_length_97250_cov_8.148492_pilon sw=shovill-spades/1.1.0 date=20220627	terpene	Terpene		
VD26_contigs.fa_antismash_contig00017.region001	contig00017	contig00017 len=93153 cov=9.0 corr=0 origname=NODE_17_length_93153_cov_9.033313_pilon sw=shovill-spades/1.1.0 date=20220627	terpene	Terpene		
VD27_contigs.fa_antismash_contig00024.region001	contig00024	contig00024 len=56507 cov=7.8 corr=0 origname=NODE_24_length_56507_cov_7.804520_pilon sw=shovill-spades/1.1.0 date=20220627	terpene	Terpene		
VD28_contigs.fa_antismash_contig00001.region001	contig00001	contig00001 len=955391 cov=6.9 corr=3 origname=NODE_1_length_955391_cov_6.912618_pilon sw=shovill-spades/1.1.0 date=20220627	terpene	Terpene		
VD30_contigs.fa_antismash_contig00001.region001	contig00001	contig00001 len=386674 cov=7.1 corr=1 origname=NODE_1_length_386674_cov_7.096685_pilon sw=shovill-spades/1.1.0 date=20220627	terpene	Terpene		
VD31_contigs.fa_antismash_contig00002.region001	contig00002	contig00002 len=451776 cov=6.0 corr=1 origname=NODE_2_length_451776_cov_6.017208_pilon sw=shovill-spades/1.1.0 date=20220627	terpene	Terpene		
VD32_contigs.fa_antismash_contig00071.region001	contig00071	contig00071 len=12384 cov=4.6 corr=2 origname=NODE_71_length_12384_cov_4.646384_pilon sw=shovill-spades/1.1.0 date=20220627	terpene	Terpene		
VD33_contigs.fa_antismash_contig00002.region001	contig00002	contig00002 len=220183 cov=4.5 corr=180 origname=NODE_2_length_220183_cov_4.476724_pilon sw=shovill-spades/1.1.0 date=20220627	terpene	Terpene		
VD34_contigs.fa_antismash_contig00001.region002	contig00001	contig00001 len=640260 cov=5.8 corr=6 origname=NODE_1_length_640260_cov_5.795889_pilon sw=shovill-spades/1.1.0 date=20220627	terpene	Terpene		
VD34_contigs.fa_antismash_contig00003.region001	contig00003	contig00003 len=495077 cov=9.1 corr=0 origname=NODE_3_length_495077_cov_9.129076_pilon sw=shovill-spades/1.1.0 date=20220627	RiPP-like.terpene.betalactone	Others		
VD34_contigs.fa_antismash_contig00003.region003	contig00003	contig00003 len=495077 cov=9.1 corr=0 origname=NODE_3_length_495077_cov_9.129076_pilon sw=shovill-spades/1.1.0 date=20220627	terpene	Terpene		
VD34_contigs.fa_antismash_contig00011.region002	contig00011	contig00011 len=289446 cov=9.0 corr=0 origname=NODE_11_length_289446_cov_9.002146_pilon sw=shovill-spades/1.1.0 date=20220627	terpene	Terpene		
VD34_contigs.fa_antismash_contig00031.region001	contig00031	contig00031 len=79573 cov=9.1 corr=0 origname=NODE_31_length_79573_cov_9.146905_pilon sw=shovill-spades/1.1.0 date=20220627	terpene	Terpene		
VD7_contigs.fa_antismash_contig00005.region001	contig00005	contig00005 len=214892 cov=9.3 corr=0 origname=NODE_5_length_214892_cov_9.294000_pilon sw=shovill-spades/1.1.0 date=20220627	terpene	Terpene		
VD8_contigs.fa_antismash_contig00071.region001	contig00071	contig00071 len=18258 cov=3.2 corr=22 origname=NODE_71_length_18258_cov_3.211185_pilon sw=shovill-spades/1.1.0 date=20220627	terpene	Terpene		
VD9_contigs.fa_antismash_contig00009.region001	contig00009	contig00009 len=166624 cov=11.2 corr=0 origname=NODE_9_length_166624_cov_11.183307_pilon sw=shovill-spades/1.1.0 date=20220627	terpene	Terpene		
