user_genome	parent	class	order	family	genus	species
EH_marked.6	Proteobacteria	Alphaproteobacteria	Rickettsiales	Anaplasmataceae	Wolbachia	Wolbachia pipientis
ERR3376856.1	Proteobacteria	Alphaproteobacteria	Rickettsiales	Anaplasmataceae	Wolbachia	Wolbachia pipientis
ERR3376857.4	Proteobacteria	Alphaproteobacteria	Rickettsiales	Anaplasmataceae	Wolbachia	Wolbachia pipientis
ERR3376858.1	Proteobacteria	Gammaproteobacteria	Pseudomonadales	Pseudomonadaceae	Pseudomonas_E	Pseudomonas_E koreensis_B
ERR3376858.2	Bacteroidota	Bacteroidia	Flavobacteriales	Weeksellaceae	Elizabethkingia	Elizabethkingia anophelis
ERR3376858.3	Proteobacteria	Alphaproteobacteria	Rickettsiales	Anaplasmataceae	Wolbachia	Wolbachia pipientis
ERR3376859.1	Proteobacteria	Alphaproteobacteria	Rickettsiales	Anaplasmataceae	Wolbachia	Wolbachia pipientis
ERR3376859.5	Proteobacteria	Gammaproteobacteria	Pseudomonadales	Moraxellaceae	Acinetobacter	Acinetobacter seifertii
ERR3376860.4	Proteobacteria	Alphaproteobacteria	Rickettsiales	Anaplasmataceae	Wolbachia	Wolbachia pipientis
ERR3376861.4	Bacteroidota	Bacteroidia	Flavobacteriales	Weeksellaceae	Elizabethkingia	Elizabethkingia anophelis
ERR3376862.6	Proteobacteria	Gammaproteobacteria	Pseudomonadales	Pseudomonadaceae	Pseudomonas_E	Pseudomonas_E koreensis_B
ERR3376863.2	Proteobacteria	Alphaproteobacteria	Rickettsiales	Anaplasmataceae	Wolbachia	Wolbachia pipientis
ERR3376864.4	Proteobacteria	Gammaproteobacteria	Pseudomonadales	Pseudomonadaceae	Pseudomonas_E	Pseudomonas_E protegens
ERR3376864.5	Proteobacteria	Alphaproteobacteria	Rickettsiales	Anaplasmataceae	Wolbachia	Wolbachia pipientis
ERR3376865.4	Proteobacteria	Alphaproteobacteria	Rickettsiales	Anaplasmataceae	Wolbachia	Wolbachia pipientis
ERR4065CAT_bins.1	Bacteroidota	Bacteroidia	Flavobacteriales	Weeksellaceae	Chryseobacterium	Chryseobacterium cucumeris
ERR4065CAT_bins.2	Proteobacteria	Gammaproteobacteria	Enterobacterales	Aeromonadaceae	Aeromonas	Aeromonas hydrophila
ERR4065CAT_bins.3	Proteobacteria	Gammaproteobacteria	Pseudomonadales	Pseudomonadaceae	Pseudomonas_E	Pseudomonas_E mosselii
GV18_marked.12	Actinobacteriota	Actinomycetia	Actinomycetales	Microbacteriaceae	Microbacterium	Microbacterium sp003248845
GV18_marked.15	Proteobacteria	Gammaproteobacteria	Burkholderiales	Rhodocyclaceae	Fluviibacter	
GV18_marked.19	Proteobacteria	Alphaproteobacteria	Rickettsiales	Anaplasmataceae	Wolbachia	Wolbachia pipientis
SRR12517346.1	Proteobacteria	Alphaproteobacteria	Rickettsiales	Anaplasmataceae	Wolbachia	Wolbachia pipientis_C
SRR12517346.2	Proteobacteria	Alphaproteobacteria	Rickettsiales	Anaplasmataceae	Wolbachia	Wolbachia pipientis_B
SRR12517347.1	Proteobacteria	Alphaproteobacteria	Rickettsiales	Anaplasmataceae	Wolbachia	Wolbachia pipientis_C
SRR12517348.2	Bacteroidota	Bacteroidia	Flavobacteriales	Weeksellaceae	Elizabethkingia	Elizabethkingia anophelis
SRR12517348.3	Proteobacteria	Alphaproteobacteria	Rickettsiales	Anaplasmataceae	Wolbachia	Wolbachia pipientis_C
SRR12517348.4	Proteobacteria	Alphaproteobacteria	Rickettsiales	Anaplasmataceae	Wolbachia	Wolbachia pipientis_B
SRR12517349.1	Proteobacteria	Alphaproteobacteria	Rickettsiales	Anaplasmataceae	Wolbachia	Wolbachia pipientis_B
SRR12517349.2	Proteobacteria	Alphaproteobacteria	Rickettsiales	Anaplasmataceae	Wolbachia	Wolbachia pipientis_C
SRR12517350.1	Proteobacteria	Alphaproteobacteria	Rickettsiales	Anaplasmataceae	Wolbachia	Wolbachia pipientis_C
SRR12517350.2	Proteobacteria	Alphaproteobacteria	Rickettsiales	Anaplasmataceae	Wolbachia	Wolbachia pipientis_B
SRR12517350.3	Bacteroidota	Bacteroidia	Flavobacteriales	Weeksellaceae	Elizabethkingia	Elizabethkingia anophelis
SRR12517352.1	Proteobacteria	Alphaproteobacteria	Rickettsiales	Anaplasmataceae	Wolbachia	Wolbachia pipientis_B
SRR12517352.2	Proteobacteria	Alphaproteobacteria	Rickettsiales	Anaplasmataceae	Wolbachia	Wolbachia pipientis_C
SRR12517353.1	Proteobacteria	Alphaproteobacteria	Rickettsiales	Anaplasmataceae	Wolbachia	Wolbachia pipientis_B
SRR12517353.2	Proteobacteria	Alphaproteobacteria	Rickettsiales	Anaplasmataceae	Wolbachia	Wolbachia pipientis_C
SRR12517354.1	Bacteroidota	Bacteroidia	Flavobacteriales	Weeksellaceae	Elizabethkingia	Elizabethkingia anophelis
SRR12517354.2	Proteobacteria	Alphaproteobacteria	Rickettsiales	Anaplasmataceae	Wolbachia	Wolbachia pipientis_C
SRR12517354.4	Proteobacteria	Alphaproteobacteria	Rickettsiales	Anaplasmataceae	Wolbachia	Wolbachia pipientis_B
SRR12517355.1	Proteobacteria	Alphaproteobacteria	Rickettsiales	Anaplasmataceae	Wolbachia	Wolbachia pipientis_B
SRR12517355.3	Proteobacteria	Alphaproteobacteria	Rickettsiales	Anaplasmataceae	Wolbachia	Wolbachia pipientis_C
SRR12517356.1	Proteobacteria	Alphaproteobacteria	Rickettsiales	Anaplasmataceae	Wolbachia	Wolbachia pipientis_C
SRR12517356.2	Proteobacteria	Alphaproteobacteria	Rickettsiales	Anaplasmataceae	Wolbachia	Wolbachia pipientis_B
SRR12517357.2	Proteobacteria	Alphaproteobacteria	Rickettsiales	Anaplasmataceae	Wolbachia	Wolbachia pipientis_B
SRR13132388.1	Proteobacteria	Alphaproteobacteria	Rickettsiales	Anaplasmataceae	Wolbachia	Wolbachia sp001439985
SRR13132388.2	Bacteroidota	Bacteroidia	Flavobacteriales	Weeksellaceae	Elizabethkingia	Elizabethkingia miricola
SRR13132389.2	Proteobacteria	Alphaproteobacteria	Rickettsiales	Anaplasmataceae	Wolbachia	Wolbachia sp001439985
SRR13132389.4	Bacteroidota	Bacteroidia	Flavobacteriales	Weeksellaceae	Elizabethkingia	Elizabethkingia miricola
SRR13132389.7	Proteobacteria	Gammaproteobacteria	Enterobacterales	Enterobacteriaceae	Phytobacter	Phytobacter diazotrophicus
SRR13132390.2	Bacteroidota	Bacteroidia	Flavobacteriales	Weeksellaceae	Elizabethkingia	Elizabethkingia miricola
SRR13132390.3	Proteobacteria	Gammaproteobacteria	Enterobacterales	Enterobacteriaceae	Cedecea	Cedecea sp000277545
SRR13132392.2	Proteobacteria	Alphaproteobacteria	Acetobacterales	Acetobacteraceae	Asaia	Asaia bogorensis
SRR13132392.3	Proteobacteria	Alphaproteobacteria	Rickettsiales	Anaplasmataceae	Wolbachia	Wolbachia sp001439985
SRR13132392.5	Bacteroidota	Bacteroidia	Flavobacteriales	Weeksellaceae	Elizabethkingia	Elizabethkingia miricola
SRR13132392.6	Proteobacteria	Gammaproteobacteria	Enterobacterales	Enterobacteriaceae	Morganella	Morganella morganii
SRR13132393.1	Bacteroidota	Bacteroidia	Flavobacteriales	Weeksellaceae	Elizabethkingia	Elizabethkingia miricola
SRR14196804.1	Bacteroidota	Bacteroidia	Flavobacteriales	Weeksellaceae	Elizabethkingia	Elizabethkingia anophelis
SRR14196804.3	Actinobacteriota	Actinomycetia	Actinomycetales	Microbacteriaceae	Microbacterium	Microbacterium ginsengisoli
SRR14196806.2	Proteobacteria	Gammaproteobacteria	Burkholderiales	Burkholderiaceae	Undibacterium	Undibacterium squillarum
SRR14196806.3	Bacteroidota	Bacteroidia	Flavobacteriales	Weeksellaceae	Elizabethkingia	Elizabethkingia anophelis
SRR14196807.2	Bacteroidota	Bacteroidia	Flavobacteriales	Weeksellaceae	Elizabethkingia	Elizabethkingia anophelis
SRR14196810.2	Bacteroidota	Bacteroidia	Flavobacteriales	Weeksellaceae	Elizabethkingia	Elizabethkingia anophelis
SRR16695303_bins3.1	Firmicutes	Bacilli	Exiguobacterales	Exiguobacteraceae	Exiguobacterium_A	Exiguobacterium_A indicum
SRR16695303_bins3.2	Proteobacteria	Gammaproteobacteria	Enterobacterales	Enterobacteriaceae	Pantoea	Pantoea dispersa
SRR16695303_bins3.4	Proteobacteria	Alphaproteobacteria	Rickettsiales	Anaplasmataceae	Wolbachia	Wolbachia pipientis
SRR18172542.4	Proteobacteria	Gammaproteobacteria	Enterobacterales	Enterobacteriaceae	Cedecea	Cedecea sp000277545
SRR18172544.3	Proteobacteria	Alphaproteobacteria	Rickettsiales	Anaplasmataceae	Wolbachia	Wolbachia pipientis_B
SRR18172544.4	Proteobacteria	Alphaproteobacteria	Rickettsiales	Anaplasmataceae	Wolbachia	Wolbachia pipientis_C
YK_marked.7	Proteobacteria	Alphaproteobacteria	Rickettsiales	Anaplasmataceae	Wolbachia	Wolbachia pipientis
USHLN005	Proteobacteria	Gammaproteobacteria	Enterobacterales	Enterobacteriaceae	Cedecea	Cedecea sp000277545
USHLN009	Bacteroidota	Bacteroidia	Flavobacteriales	Weeksellaceae	Chryseobacterium	Chryseobacterium contaminans
USHLN010	Proteobacteria	Gammaproteobacteria	Enterobacterales	Enterobacteriaceae	Rouxiella	Rouxiella badensis
USHLN014	Proteobacteria	Gammaproteobacteria	Xanthomonadales	Xanthomonadaceae	Pseudoxanthomonas_A	Pseudoxanthomonas_A sp004284195
USHLN015	Proteobacteria	Gammaproteobacteria	Pseudomonadales	Pseudomonadaceae	Pseudomonas_F	Pseudomonas_F sp003234055
USHLN018	Firmicutes	Bacilli	Bacillales	Bacillaceae_H	Priestia	Priestia megaterium
USHLN06	Proteobacteria	Gammaproteobacteria	Enterobacterales	Enterobacteriaceae	Klebsiella	Klebsiella variicola
USHLN08	Proteobacteria	Gammaproteobacteria	Enterobacterales	Enterobacteriaceae	Serratia	Serratia nevei
USHLN16	Proteobacteria	Gammaproteobacteria	Enterobacterales	Enterobacteriaceae	Klebsiella	Klebsiella michiganensis
USMM074	Firmicutes	Bacilli	Bacillales	Bacillaceae_G	Bacillus_A	Bacillus_A cereus_AG
USMM075	Firmicutes	Bacilli	Bacillales	Bacillaceae_G	Bacillus_A	Bacillus_A cereus_AG
USMM078	Proteobacteria	Gammaproteobacteria	Enterobacterales	Enterobacteriaceae	Pantoea	Pantoea cancerogena_A
USMM079	Proteobacteria	Gammaproteobacteria	Enterobacterales	Enterobacteriaceae	Pantoea	Pantoea cancerogena_A
USMM080	Proteobacteria	Gammaproteobacteria	Enterobacterales	Enterobacteriaceae	Pantoea	Pantoea anthophila
USMM081	Proteobacteria	Gammaproteobacteria	Enterobacterales	Enterobacteriaceae	Pantoea	Pantoea anthophila
USMM082	Firmicutes	Bacilli	Bacillales	Bacillaceae_H	Priestia	Priestia megaterium_A
USMM083	Firmicutes	Bacilli	Bacillales	Bacillaceae_H	Priestia	Priestia megaterium_A
USMM084	Proteobacteria	Gammaproteobacteria	Enterobacterales	Enterobacteriaceae	Serratia	Serratia nevei
USMM085	Proteobacteria	Gammaproteobacteria	Enterobacterales	Enterobacteriaceae	Serratia	Serratia nevei
USMM086	Firmicutes	Bacilli	Bacillales	Bacillaceae_G	Bacillus_A	Bacillus_A thuringiensis
USMM087	Firmicutes	Bacilli	Bacillales	Bacillaceae_G	Bacillus_A	Bacillus_A thuringiensis
USMM088	Firmicutes	Bacilli	Bacillales	Bacillaceae_G	Bacillus_A	Bacillus_A thuringiensis_S
USMM091	Firmicutes	Bacilli	Bacillales	Bacillaceae_G	Bacillus_A	Bacillus_A toyonensis
USMM093	Firmicutes	Bacilli	Bacillales	Bacillaceae_G	Bacillus_A	Bacillus_A toyonensis
USMM094	Bacteroidota	Bacteroidia	Flavobacteriales	Weeksellaceae	Elizabethkingia	Elizabethkingia anophelis
USMM095	Bacteroidota	Bacteroidia	Flavobacteriales	Weeksellaceae	Elizabethkingia	Elizabethkingia anophelis
USMM096	Bacteroidota	Bacteroidia	Flavobacteriales	Weeksellaceae	Elizabethkingia	Elizabethkingia anophelis
USMM097	Bacteroidota	Bacteroidia	Flavobacteriales	Weeksellaceae	Elizabethkingia	Elizabethkingia anophelis
USMM099	Firmicutes	Bacilli	Paenibacillales	Paenibacillaceae	Paenibacillus	Paenibacillus illinoisensis
USMM101	Proteobacteria	Gammaproteobacteria	Enterobacterales	Enterobacteriaceae	Pantoea	Pantoea anthophila
USMM102	Proteobacteria	Alphaproteobacteria	Caulobacterales	Caulobacteraceae	Brevundimonas	Brevundimonas aurantiaca
USMM103	Proteobacteria	Alphaproteobacteria	Caulobacterales	Caulobacteraceae	Brevundimonas	Brevundimonas aurantiaca
USMM104	Proteobacteria	Alphaproteobacteria	Caulobacterales	Caulobacteraceae	Brevundimonas	Brevundimonas aurantiaca
USMM105	Proteobacteria	Alphaproteobacteria	Caulobacterales	Caulobacteraceae	Brevundimonas	Brevundimonas aurantiaca
USMM106	NA	NA	NA	NA	NA	NA
USMM107	NA	NA	NA	NA	NA	NA
USMM108	Firmicutes	Bacilli	Paenibacillales	Paenibacillaceae	Paenibacillus	Paenibacillus illinoisensis
USMM111	Proteobacteria	Alphaproteobacteria	Caulobacterales	Caulobacteraceae	Brevundimonas	Brevundimonas nasdae_A
USMM114	Firmicutes	Bacilli	Staphylococcales	Staphylococcaceae	Staphylococcus	Staphylococcus hominis
USMM116	Firmicutes	Bacilli	Staphylococcales	Staphylococcaceae	Staphylococcus	Staphylococcus hominis
USMM117	Firmicutes	Bacilli	Bacillales_B	DSM-18226	Bacillus_AB	Bacillus_AB infantis
USMM118	Firmicutes	Bacilli	Bacillales_B	DSM-18226	Bacillus_AB	Bacillus_AB infantis
AA004	NA	NA	NA	NA	NA	NA
AA010	Proteobacteria	Gammaproteobacteria	Pseudomonadales	Moraxellaceae	Acinetobacter	Acinetobacter oleivorans
AS011	Proteobacteria	Gammaproteobacteria	Enterobacterales	Enterobacteriaceae	Leclercia	NA
AS013	Proteobacteria	Gammaproteobacteria	Pseudomonadales	Moraxellaceae	Acinetobacter	Acinetobacter tandoii
AS031	Proteobacteria	Gammaproteobacteria	Enterobacterales	Enterobacteriaceae	Pantoea	Pantoea eucrina
AS083	Proteobacteria	Gammaproteobacteria	Enterobacterales	Enterobacteriaceae	Serratia	Serratia marcescens
AS085	Proteobacteria	Gammaproteobacteria	Enterobacterales	Enterobacteriaceae	Pantoea	Pantoea agglomerans
AS091	Proteobacteria	Gammaproteobacteria	Enterobacterales	Enterobacteriaceae	Enterobacter	Enterobacter hormaechei_A
AS093	Proteobacteria	Gammaproteobacteria	Enterobacterales	Enterobacteriaceae	Serratia	Serratia marcescens
AS096	Proteobacteria	Gammaproteobacteria	Pseudomonadales	Moraxellaceae	Acinetobacter	Acinetobacter beijerinckii
AS113	Proteobacteria	Gammaproteobacteria	Enterobacterales	Enterobacteriaceae	Cedecea	Cedecea sp000277545
AS116	Proteobacteria	Gammaproteobacteria	Pseudomonadales	Moraxellaceae	Acinetobacter	Acinetobacter junii
AS124	Proteobacteria	Gammaproteobacteria	Enterobacterales	Enterobacteriaceae	Enterobacter	Enterobacter roggenkampii
AS126	Proteobacteria	Gammaproteobacteria	Enterobacterales	Enterobacteriaceae	Pantoea	Pantoea eucrina_A
AS129	Proteobacteria	Gammaproteobacteria	Enterobacterales	Enterobacteriaceae	Pantoea	Pantoea agglomerans
AS139	Proteobacteria	Gammaproteobacteria	Enterobacterales	Enterobacteriaceae	Pantoea	Pantoea agglomerans
AS142	Proteobacteria	Gammaproteobacteria	Enterobacterales	Enterobacteriaceae	Pantoea	NA
AS167	Proteobacteria	Gammaproteobacteria	Pseudomonadales	Moraxellaceae	Acinetobacter	NA
AS170	Proteobacteria	Gammaproteobacteria	Enterobacterales	Enterobacteriaceae	Serratia	Serratia bockelmannii
AS183	Proteobacteria	Gammaproteobacteria	Enterobacterales	Enterobacteriaceae	UBA7405	UBA7405 sp000755535
AS209	Proteobacteria	Gammaproteobacteria	Enterobacterales	Enterobacteriaceae	Klebsiella	Klebsiella ornithinolytica
AS212	Proteobacteria	Gammaproteobacteria	Enterobacterales	Enterobacteriaceae	Enterobacter	Enterobacter hormaechei_A
AS214	Proteobacteria	Gammaproteobacteria	Enterobacterales	Enterobacteriaceae	Serratia	Serratia marcescens
AS216	Proteobacteria	Gammaproteobacteria	Enterobacterales	Enterobacteriaceae	Pseudescherichia	Pseudescherichia sp002298805
AS218	Firmicutes	Bacilli	Staphylococcales	Staphylococcaceae	Staphylococcus	Staphylococcus xylosus
AS222	Proteobacteria	Gammaproteobacteria	Enterobacterales	Enterobacteriaceae	Serratia	Serratia marcescens_K
AS224	Firmicutes	Bacilli	Staphylococcales	Staphylococcaceae	Mammaliicoccus	Mammaliicoccus sciuri
AS230	Proteobacteria	Gammaproteobacteria	Enterobacterales	Enterobacteriaceae	Klebsiella	Klebsiella aerogenes
AS231	Proteobacteria	Gammaproteobacteria	Enterobacterales	Enterobacteriaceae	Salmonella	Salmonella enterica
AS234	Proteobacteria	Gammaproteobacteria	Enterobacterales	Enterobacteriaceae	Proteus	Proteus cibarius
AS235	Proteobacteria	Gammaproteobacteria	Enterobacterales	Enterobacteriaceae	Escherichia	Escherichia coli
HN003	Proteobacteria	Gammaproteobacteria	Enterobacterales	Enterobacteriaceae	Pantoea	Pantoea agglomerans
HN007	Proteobacteria	Gammaproteobacteria	Enterobacterales	Enterobacteriaceae	Enterobacter	Enterobacter roggenkampii
HN010	Proteobacteria	Alphaproteobacteria	Acetobacterales	Acetobacteraceae	Asaia	NA
HN019	Proteobacteria	Gammaproteobacteria	Enterobacterales	Enterobacteriaceae	Pantoea	Pantoea eucalypti
HN020	Proteobacteria	Gammaproteobacteria	Pseudomonadales	Moraxellaceae	Acinetobacter	Acinetobacter johnsonii
HN022	Proteobacteria	Gammaproteobacteria	Enterobacterales	Enterobacteriaceae	Pantoea	Pantoea agglomerans
HN028	Proteobacteria	Gammaproteobacteria	Enterobacterales	Enterobacteriaceae	Lelliottia	Lelliottia amnigena
HN034	Proteobacteria	Gammaproteobacteria	Pseudomonadales	Moraxellaceae	Acinetobacter	Acinetobacter pittii_H
HN037	Proteobacteria	Gammaproteobacteria	Enterobacterales	Enterobacteriaceae	Leclercia	Leclercia adecarboxylata
HN039	Proteobacteria	Gammaproteobacteria	Enterobacterales	Enterobacteriaceae	Serratia	Serratia marcescens
HN041	Proteobacteria	Gammaproteobacteria	Pseudomonadales	Moraxellaceae	Acinetobacter	Acinetobacter pittii_H
HN047	Proteobacteria	Gammaproteobacteria	Pseudomonadales	Moraxellaceae	Acinetobacter	Acinetobacter modestus
HN049	Proteobacteria	Gammaproteobacteria	Enterobacterales	Enterobacteriaceae	Enterobacter	Enterobacter roggenkampii
HN059	Proteobacteria	Gammaproteobacteria	Pseudomonadales	Moraxellaceae	Acinetobacter	Acinetobacter pittii_H
HN065	Proteobacteria	Gammaproteobacteria	Enterobacterales	Enterobacteriaceae	Enterobacter	Enterobacter roggenkampii
HN067	Proteobacteria	Gammaproteobacteria	Pseudomonadales	Moraxellaceae	Acinetobacter	Acinetobacter pittii
HN068	Proteobacteria	Gammaproteobacteria	Pseudomonadales	Moraxellaceae	Acinetobacter	Acinetobacter modestus
HN069	Proteobacteria	Gammaproteobacteria	Enterobacterales	Enterobacteriaceae	Enterobacter	Enterobacter asburiae_B
HN071	Proteobacteria	Gammaproteobacteria	Pseudomonadales	Moraxellaceae	Acinetobacter	Acinetobacter pittii
HN073	Proteobacteria	Gammaproteobacteria	Enterobacterales	Enterobacteriaceae	Enterobacter	Enterobacter asburiae_B
HN079	Proteobacteria	Gammaproteobacteria	Enterobacterales	Enterobacteriaceae	Chania	Chania oryzae
HN087	Proteobacteria	Gammaproteobacteria	Enterobacterales	Enterobacteriaceae	Enterobacter	Enterobacter asburiae_B
HN091	Proteobacteria	Gammaproteobacteria	Enterobacterales	Enterobacteriaceae	Enterobacter	Enterobacter asburiae_B
HN093	Proteobacteria	Gammaproteobacteria	Pseudomonadales	Moraxellaceae	Acinetobacter	Acinetobacter pittii
HN099	Proteobacteria	Gammaproteobacteria	Pseudomonadales	Moraxellaceae	Acinetobacter	Acinetobacter pittii
HN100	Proteobacteria	Gammaproteobacteria	Enterobacterales	Enterobacteriaceae	Enterobacter	Enterobacter roggenkampii
HN105	Proteobacteria	Gammaproteobacteria	Pseudomonadales	Moraxellaceae	Acinetobacter	Acinetobacter bereziniae
HN109	Proteobacteria	Gammaproteobacteria	Enterobacterales	Enterobacteriaceae	Enterobacter	Enterobacter roggenkampii
HN110	Proteobacteria	Gammaproteobacteria	Enterobacterales	Enterobacteriaceae	Enterobacter	Enterobacter roggenkampii
HN117	Proteobacteria	Gammaproteobacteria	Enterobacterales	Enterobacteriaceae	Serratia	Serratia nevei
HN118	Proteobacteria	Gammaproteobacteria	Enterobacterales	Enterobacteriaceae	Serratia	Serratia nevei
HN119	Proteobacteria	Gammaproteobacteria	Enterobacterales	Enterobacteriaceae	Serratia	Serratia nevei
HN120	Proteobacteria	Gammaproteobacteria	Enterobacterales	Enterobacteriaceae	Enterobacter	Enterobacter asburiae_B
HN121	Proteobacteria	Gammaproteobacteria	Pseudomonadales	Moraxellaceae	Acinetobacter	Acinetobacter soli
HN122	Proteobacteria	Gammaproteobacteria	Pseudomonadales	Moraxellaceae	Acinetobacter	Acinetobacter soli
HN123	Proteobacteria	Gammaproteobacteria	Pseudomonadales	Moraxellaceae	Acinetobacter	Acinetobacter modestus
HN124	Proteobacteria	Gammaproteobacteria	Enterobacterales	Enterobacteriaceae	Enterobacter	Enterobacter asburiae_B
HN125	Proteobacteria	Gammaproteobacteria	Enterobacterales	Enterobacteriaceae	Enterobacter	Enterobacter asburiae_B
HN126	Proteobacteria	Gammaproteobacteria	Pseudomonadales	Moraxellaceae	Acinetobacter	Acinetobacter modestus
HN127	Proteobacteria	Gammaproteobacteria	Pseudomonadales	Moraxellaceae	Acinetobacter	Acinetobacter modestus
HN128	Proteobacteria	Alphaproteobacteria	Acetobacterales	Acetobacteraceae	Asaia	Asaia sp003994335
HN132	Proteobacteria	Gammaproteobacteria	Pseudomonadales	Moraxellaceae	Acinetobacter	Acinetobacter modestus
HN151	Proteobacteria	Gammaproteobacteria	Enterobacterales	Enterobacteriaceae	Serratia_A	Serratia_A fonticola
HN157	Proteobacteria	Gammaproteobacteria	Enterobacterales	Enterobacteriaceae	Serratia_A	Serratia_A fonticola
HN162	Proteobacteria	Gammaproteobacteria	Enterobacterales	Enterobacteriaceae	Klebsiella	Klebsiella oxytoca
HN166	Proteobacteria	Gammaproteobacteria	Enterobacterales	Enterobacteriaceae	Serratia	Serratia liquefaciens
HN173	Proteobacteria	Gammaproteobacteria	Enterobacterales	Enterobacteriaceae	Serratia_A	Serratia_A fonticola
HN176	Proteobacteria	Gammaproteobacteria	Enterobacterales	Enterobacteriaceae	Enterobacter	Enterobacter roggenkampii
HN178	Proteobacteria	Gammaproteobacteria	Enterobacterales	Enterobacteriaceae	Cedecea	Cedecea sp000277545
HN182	Proteobacteria	Alphaproteobacteria	Acetobacterales	Acetobacteraceae	Asaia	Asaia bogorensis
CR11	Firmicutes	Bacilli	Staphylococcales	Staphylococcaceae	Staphylococcus	Staphylococcus hominis
CR21	NA	NA	NA	NA	NA	NA
CR31	NA	NA	NA	NA	NA	NA
CR41	Firmicutes	Bacilli	Staphylococcales	Staphylococcaceae	Staphylococcus	Staphylococcus epidermidis
CR42	Firmicutes	Bacilli	Staphylococcales	Staphylococcaceae	Staphylococcus	Staphylococcus epidermidis
LB10	NA	NA	NA	NA	NA	NA
LB11	Bacteroidota	Bacteroidia	Flavobacteriales	Weeksellaceae	Elizabethkingia	Elizabethkingia meningoseptica
LB12	Actinobacteriota	Actinomycetia	Actinomycetales	Microbacteriaceae	Microbacterium	NA
LB14	Firmicutes	Bacilli	Bacillales	Bacillaceae_G	Bacillus_A	Bacillus_A cereus
LB15	Bacteroidota	Bacteroidia	Flavobacteriales	Weeksellaceae	Elizabethkingia	Elizabethkingia meningoseptica
LB16	Actinobacteriota	Actinomycetia	Actinomycetales	Microbacteriaceae	Microbacterium	NA
LB21	NA	NA	NA	NA	NA	NA
LB22	NA	NA	NA	NA	NA	NA
LB26	Bacteroidota	Bacteroidia	Flavobacteriales	Weeksellaceae	Elizabethkingia	Elizabethkingia meningoseptica
LB27	NA	NA	NA	NA	NA	NA
LB28	NA	NA	NA	NA	NA	NA
LB9	NA	NA	NA	NA	NA	NA
M50	Proteobacteria	Gammaproteobacteria	Enterobacterales	Enterobacteriaceae	Leclercia	Leclercia sp002902985
M51	Proteobacteria	Gammaproteobacteria	Pseudomonadales	Moraxellaceae	Acinetobacter	Acinetobacter nosocomialis
S242	Proteobacteria	Gammaproteobacteria	Enterobacterales	Aeromonadaceae	Aeromonas	Aeromonas hydrophila
S315	Firmicutes	Bacilli	Bacillales_D	Amphibacillaceae	Oceanobacillus	Oceanobacillus massiliensis
VD1	Actinobacteriota	Actinomycetia	Actinomycetales	Microbacteriaceae	Leucobacter	NA
VD11	Proteobacteria	Gammaproteobacteria	Enterobacterales	Enterobacteriaceae	Atlantibacter	Atlantibacter hermannii
VD12	Proteobacteria	Gammaproteobacteria	Enterobacterales	Enterobacteriaceae	Enterobacter	Enterobacter cloacae
VD14	Proteobacteria	Gammaproteobacteria	Pseudomonadales	Moraxellaceae	Acinetobacter	Acinetobacter nosocomialis
VD15	Proteobacteria	Gammaproteobacteria	Pseudomonadales	Pseudomonadaceae	Pseudomonas_E	Pseudomonas_E juntendi
VD17	NA	NA	NA	NA	NA	NA
VD18	Proteobacteria	Gammaproteobacteria	Pseudomonadales	Pseudomonadaceae	Pseudomonas_E	Pseudomonas_E juntendi
VD19	Proteobacteria	Gammaproteobacteria	Enterobacterales	Enterobacteriaceae	Cedecea	Cedecea sp000277545
VD20	Proteobacteria	Gammaproteobacteria	Enterobacterales	Enterobacteriaceae	Cedecea	Cedecea sp000277545
VD21	Proteobacteria	Gammaproteobacteria	Enterobacterales	Enterobacteriaceae	Cedecea	Cedecea sp000277545
VD22	Proteobacteria	Gammaproteobacteria	Enterobacterales	Enterobacteriaceae	Cedecea	Cedecea sp000277545
VD23	Proteobacteria	Gammaproteobacteria	Enterobacterales	Enterobacteriaceae	Cedecea	Cedecea sp000277545
VD24	Proteobacteria	Gammaproteobacteria	Enterobacterales	Enterobacteriaceae	Pantoea	Pantoea dispersa
VD25	Proteobacteria	Gammaproteobacteria	Enterobacterales	Enterobacteriaceae	Cedecea	Cedecea sp000277545
VD26	Proteobacteria	Gammaproteobacteria	Enterobacterales	Enterobacteriaceae	Cedecea	Cedecea sp000277545
VD27	Proteobacteria	Gammaproteobacteria	Enterobacterales	Enterobacteriaceae	Cedecea	Cedecea sp000277545
VD28	Proteobacteria	Gammaproteobacteria	Enterobacterales	Enterobacteriaceae	Cedecea	Cedecea sp000277545
VD29	NA	NA	NA	NA	NA	NA
VD30	Proteobacteria	Gammaproteobacteria	Enterobacterales	Enterobacteriaceae	Pantoea	Pantoea dispersa
VD31	Proteobacteria	Gammaproteobacteria	Enterobacterales	Enterobacteriaceae	Cedecea	Cedecea sp000277545
VD32	Proteobacteria	Gammaproteobacteria	Enterobacterales	Enterobacteriaceae	Cedecea	Cedecea sp000277545
VD33	Proteobacteria	Gammaproteobacteria	Enterobacterales	Enterobacteriaceae	Pantoea	Pantoea dispersa
VD34	Proteobacteria	Gammaproteobacteria	Burkholderiales	Burkholderiaceae	Burkholderia	Burkholderia gladioli
VD5	Proteobacteria	Gammaproteobacteria	Enterobacterales	Enterobacteriaceae	Enterobacter	Enterobacter cloacae
VD7	Proteobacteria	Alphaproteobacteria	Sphingomonadales	Sphingomonadaceae	Sphingomonas	Sphingomonas sanguinis
VD8	Bacteroidota	Bacteroidia	Flavobacteriales	Weeksellaceae	Chryseobacterium	Chryseobacterium sp013153155
VD9	Proteobacteria	Alphaproteobacteria	Acetobacterales	Acetobacteraceae	Asaia	Asaia sp003994335
USHLN04	Proteobacteria	Gammaproteobacteria	Enterobacterales	Enterobacteriaceae	Serratia	Serratia nevei
USHLN256	Proteobacteria	Gammaproteobacteria	Enterobacterales	Enterobacteriaceae	Pantoea	Pantoea sp001187905
USHLN259	Bacteroidota	Bacteroidia	Flavobacteriales	Weeksellaceae	Chryseobacterium	Chryseobacterium indologenes_F
USHLN260	Proteobacteria	Gammaproteobacteria	Enterobacterales	Enterobacteriaceae	Erwinia	Erwinia aphidicola
USHLN261	Proteobacteria	Gammaproteobacteria	Pseudomonadales	Pseudomonadaceae	Pseudomonas_E	Pseudomonas_E juntendi
USHLN262	Proteobacteria	Gammaproteobacteria	Enterobacterales	Enterobacteriaceae	Enterobacter	Enterobacter hormaechei_A
USHLN263	Proteobacteria	Gammaproteobacteria	Enterobacterales	Enterobacteriaceae	Providencia	Providencia rettgeri
USHLN265	Proteobacteria	Gammaproteobacteria	Xanthomonadales	Xanthomonadaceae	Stenotrophomonas	Stenotrophomonas maltophilia_A
USHLN266	Proteobacteria	Gammaproteobacteria	Enterobacterales	Enterobacteriaceae	Providencia	Providencia rettgeri
USHLN267	Bacteroidota	Bacteroidia	Flavobacteriales	Weeksellaceae	Chryseobacterium	Chryseobacterium indologenes_F
USHLN268	Proteobacteria	Alphaproteobacteria	Rhizobiales	Rhizobiaceae	Aureimonas	Aureimonas altamirensis
USHLN270	Proteobacteria	Gammaproteobacteria	Enterobacterales	Enterobacteriaceae	Enterobacter	Enterobacter hormaechei_A
USHLN271	Proteobacteria	Gammaproteobacteria	Enterobacterales	Enterobacteriaceae	Enterobacter	Enterobacter hormaechei_A
USHLN272	Actinobacteriota	Actinomycetia	Actinomycetales	Microbacteriaceae	Microbacterium	Microbacterium sp017405925
USHLN273	Firmicutes	Bacilli	Bacillales_A	Planococcaceae	Kurthia	Kurthia gibsonii
USHLN278	Proteobacteria	Alphaproteobacteria	Rhizobiales	Rhizobiaceae	Aureimonas	Aureimonas altamirensis
USHLN279	Proteobacteria	Gammaproteobacteria	Enterobacterales	Enterobacteriaceae	Pantoea	Pantoea ananatis
USHLN280	Proteobacteria	Gammaproteobacteria	Enterobacterales	Enterobacteriaceae	Pantoea	Pantoea ananatis
USHLN281	Proteobacteria	Gammaproteobacteria	Enterobacterales	Enterobacteriaceae	Erwinia	Erwinia aphidicola
USHLN288	Proteobacteria	Gammaproteobacteria	Enterobacterales	Enterobacteriaceae	Leclercia	Leclercia adecarboxylata
USHLN290	Proteobacteria	Gammaproteobacteria	Enterobacterales	Enterobacteriaceae	Leclercia	Leclercia adecarboxylata
USHLN291	Proteobacteria	Gammaproteobacteria	Enterobacterales	Enterobacteriaceae	Enterobacter	Enterobacter hormaechei_A
USHLN292	Proteobacteria	Gammaproteobacteria	Enterobacterales	Enterobacteriaceae	Leclercia	Leclercia adecarboxylata
USHLN293	Firmicutes	Bacilli	Exiguobacterales	Exiguobacteraceae	Exiguobacterium_A	Exiguobacterium_A acetylicum
USHLN294	Proteobacteria	Gammaproteobacteria	Pseudomonadales	Pseudomonadaceae	Pseudomonas_E	Pseudomonas_E juntendi
USHLN295	Proteobacteria	Gammaproteobacteria	Enterobacterales	Enterobacteriaceae	Leclercia	Leclercia adecarboxylata
USHLN296	Proteobacteria	Gammaproteobacteria	Enterobacterales	Enterobacteriaceae	Enterobacter	Enterobacter hormaechei_A
USHLN298	Proteobacteria	Gammaproteobacteria	Enterobacterales	Enterobacteriaceae	Pantoea	Pantoea sp002434205
USMM125	Firmicutes	Bacilli	Lactobacillales	Enterococcaceae	Enterococcus	Enterococcus faecalis
USMM128	Proteobacteria	Gammaproteobacteria	Enterobacterales	Enterobacteriaceae	Erwinia	Erwinia aphidicola
USMM130	Proteobacteria	Gammaproteobacteria	Enterobacterales	Enterobacteriaceae	Erwinia	Erwinia aphidicola
USMM131	Proteobacteria	Gammaproteobacteria	Xanthomonadales	Xanthomonadaceae	Stenotrophomonas	Stenotrophomonas maltophilia_A
USMM133	Proteobacteria	Gammaproteobacteria	Pseudomonadales	Pseudomonadaceae	Pseudomonas_E	Pseudomonas_E juntendi
USMM134	Proteobacteria	Gammaproteobacteria	Pseudomonadales	Pseudomonadaceae	Pseudomonas_E	Pseudomonas_E juntendi
USMM135	Firmicutes	Bacilli	Exiguobacterales	Exiguobacteraceae	Exiguobacterium_A	Exiguobacterium_A acetylicum
USMM136	Firmicutes	Bacilli	Exiguobacterales	Exiguobacteraceae	Exiguobacterium_A	Exiguobacterium_A acetylicum
USMM045	Proteobacteria	Gammaproteobacteria	Pseudomonadales	Pseudomonadaceae	Pseudomonas_E	Pseudomonas_E paracarnis
USMM046	Proteobacteria	Gammaproteobacteria	Pseudomonadales	Pseudomonadaceae	Pseudomonas_E	Pseudomonas_E paracarnis
USMM047	Proteobacteria	Gammaproteobacteria	Pseudomonadales	Pseudomonadaceae	Pseudomonas_E	Pseudomonas_E paracarnis
USMM048	Proteobacteria	Gammaproteobacteria	Pseudomonadales	Pseudomonadaceae	Pseudomonas_E	Pseudomonas_E paracarnis
USMM049	Bacteroidota	Bacteroidia	Flavobacteriales	Weeksellaceae	Elizabethkingia	Elizabethkingia meningoseptica
USMM050	Bacteroidota	Bacteroidia	Flavobacteriales	Weeksellaceae	Elizabethkingia	Elizabethkingia meningoseptica
USMM051	Proteobacteria	Gammaproteobacteria	Enterobacterales	Enterobacteriaceae	Enterobacter	Enterobacter asburiae_B
USMM053	Proteobacteria	Gammaproteobacteria	Enterobacterales	Enterobacteriaceae	Enterobacter	Enterobacter asburiae_B
USMM054	Proteobacteria	Gammaproteobacteria	Enterobacterales	Enterobacteriaceae	Enterobacter	Enterobacter asburiae_B
USMM055	Proteobacteria	Gammaproteobacteria	Enterobacterales	Enterobacteriaceae	Enterobacter	Enterobacter asburiae_B
USMM056	Bacteroidota	Bacteroidia	Flavobacteriales	Weeksellaceae	Elizabethkingia	Elizabethkingia meningoseptica
USMM057	Bacteroidota	Bacteroidia	Flavobacteriales	Weeksellaceae	Elizabethkingia	Elizabethkingia meningoseptica
USMM058	Proteobacteria	Gammaproteobacteria	Enterobacterales	Enterobacteriaceae	Enterobacter	Enterobacter asburiae_B
USMM059	Proteobacteria	Gammaproteobacteria	Enterobacterales	Enterobacteriaceae	Enterobacter	Enterobacter asburiae_B
USMM061	Proteobacteria	Gammaproteobacteria	Enterobacterales	Enterobacteriaceae	Enterobacter	Enterobacter asburiae_B
USMM062	Proteobacteria	Gammaproteobacteria	Enterobacterales	Enterobacteriaceae	Enterobacter	Enterobacter asburiae_B
USMM063	Proteobacteria	Gammaproteobacteria	Enterobacterales	Enterobacteriaceae	Enterobacter	Enterobacter asburiae_B
USMM064	Proteobacteria	Gammaproteobacteria	Enterobacterales	Enterobacteriaceae	Enterobacter	Enterobacter asburiae_B
USMM066	Proteobacteria	Gammaproteobacteria	Pseudomonadales	Moraxellaceae	Acinetobacter	Acinetobacter soli
USMM068	Proteobacteria	Gammaproteobacteria	Pseudomonadales	Moraxellaceae	Acinetobacter	Acinetobacter soli
USMM072	Proteobacteria	Gammaproteobacteria	Enterobacterales	Enterobacteriaceae	Enterobacter	Enterobacter asburiae_B
USMM236	Actinobacteriota	Actinomycetia	Mycobacteriales	Mycobacteriaceae	Tsukamurella	NA
USMM241	Actinobacteriota	Actinomycetia	Mycobacteriales	Mycobacteriaceae	Rhodococcus	Rhodococcus qingshengii
MMO-1	Proteobacteria	Gammaproteobacteria	Xanthomonadales	Xanthomonadaceae	Stenotrophomonas	Stenotrophomonas maltophilia
MMO-10	Actinobacteriota	Actinomycetia	Actinomycetales	Microbacteriaceae	Microbacterium	Microbacterium sp017306305
MMO-102	Proteobacteria	Gammaproteobacteria	Enterobacterales	Enterobacteriaceae	Serratia	Serratia nevei
MMO-103	Proteobacteria	Gammaproteobacteria	Enterobacterales	Enterobacteriaceae	Cedecea	Cedecea sp000277545
MMO-104	Proteobacteria	Gammaproteobacteria	Burkholderiales	Burkholderiaceae	Achromobacter	Achromobacter ruhlandii
MMO-105	Bacteroidota	Bacteroidia	Flavobacteriales	Weeksellaceae	Elizabethkingia	Elizabethkingia anophelis
MMO-108	Firmicutes	Bacilli	Bacillales_B	DSM-1321	Peribacillus	Peribacillus frigoritolerans
MMO-109	Proteobacteria	Gammaproteobacteria	Burkholderiales	Burkholderiaceae	Comamonas	Comamonas acidovorans
MMO-11	NA	NA	NA	NA	NA	NA
MMO-110	Proteobacteria	Gammaproteobacteria	Enterobacterales	Enterobacteriaceae	Enterobacter	Enterobacter asburiae_B
MMO-113	Actinobacteriota	Actinomycetia	Actinomycetales	Microbacteriaceae	Microbacterium	Microbacterium sp001866135
MMO-114	Firmicutes	Bacilli	Bacillales	Bacillaceae	Bacillus	Bacillus licheniformis
MMO-115	NA	NA	NA	NA	NA	NA
MMO-116	Proteobacteria	Gammaproteobacteria	Enterobacterales	Enterobacteriaceae	Enterobacter	Enterobacter asburiae_B
MMO-119	Proteobacteria	Gammaproteobacteria	Enterobacterales	Enterobacteriaceae	Enterobacter	Enterobacter asburiae_B
MMO-120	Proteobacteria	Gammaproteobacteria	Enterobacterales	Enterobacteriaceae	Enterobacter	Enterobacter roggenkampii
MMO-122	Proteobacteria	Gammaproteobacteria	Enterobacterales	Enterobacteriaceae	Enterobacter	Enterobacter asburiae_B
MMO-123	Proteobacteria	Gammaproteobacteria	Burkholderiales	Burkholderiaceae	Achromobacter	Achromobacter ruhlandii
MMO-124	Proteobacteria	Gammaproteobacteria	Burkholderiales	Burkholderiaceae	Achromobacter	Achromobacter ruhlandii
MMO-125	Actinobacteriota	Actinomycetia	Actinomycetales	Microbacteriaceae	Leucobacter	NA
MMO-126	Proteobacteria	Gammaproteobacteria	Enterobacterales	Enterobacteriaceae	Enterobacter	Enterobacter roggenkampii
MMO-127	Bacteroidota	Bacteroidia	Flavobacteriales	Weeksellaceae	Chryseobacterium	Chryseobacterium sp013153155
MMO-128	Proteobacteria	Gammaproteobacteria	Pseudomonadales	Moraxellaceae	Acinetobacter	Acinetobacter nosocomialis
MMO-13	NA	NA	NA	NA	NA	NA
MMO-130	Proteobacteria	Gammaproteobacteria	Pseudomonadales	Moraxellaceae	Acinetobacter	Acinetobacter pittii
MMO-131	Proteobacteria	Gammaproteobacteria	Pseudomonadales	Moraxellaceae	Acinetobacter	Acinetobacter pittii
MMO-136	Actinobacteriota	Actinomycetia	Actinomycetales	Micrococcaceae	Micrococcus	Micrococcus luteus
MMO-138	Actinobacteriota	Actinomycetia	Actinomycetales	Microbacteriaceae	Microbacterium	Microbacterium sp017306305
MMO-139	NA	NA	NA	NA	NA	NA
MMO-14	Proteobacteria	Gammaproteobacteria	Enterobacterales	Aeromonadaceae	Aeromonas	Aeromonas hydrophila
MMO-140	Firmicutes	Bacilli	Staphylococcales	Staphylococcaceae	Staphylococcus	Staphylococcus saprophyticus
MMO-141	Actinobacteriota	Actinomycetia	Actinomycetales	Micrococcaceae	Micrococcus	Micrococcus luteus
MMO-142	Bacteroidota	Bacteroidia	Sphingobacteriales	Sphingobacteriaceae	Sphingobacterium	Sphingobacterium siyangense
MMO-143	Proteobacteria	Gammaproteobacteria	Pseudomonadales	Moraxellaceae	Acinetobacter	Acinetobacter nosocomialis
MMO-144	Proteobacteria	Gammaproteobacteria	Burkholderiales	Burkholderiaceae	Achromobacter	Achromobacter ruhlandii
MMO-146	Bacteroidota	Bacteroidia	Sphingobacteriales	Sphingobacteriaceae	Sphingobacterium	Sphingobacterium siyangense
MMO-147	NA	NA	NA	NA	NA	NA
MMO-150	NA	NA	NA	NA	NA	NA
MMO-151	Proteobacteria	Gammaproteobacteria	Enterobacterales	Enterobacteriaceae	Chania	Chania oryzae
MMO-152	Actinobacteriota	Actinomycetia	Mycobacteriales	Mycobacteriaceae	Gordonia	Gordonia malaquae
MMO-153	Actinobacteriota	Actinomycetia	Actinomycetales	Microbacteriaceae	Microbacterium	Microbacterium sp003248845
MMO-154	Actinobacteriota	Actinomycetia	Actinomycetales	Micrococcaceae	Micrococcus	Micrococcus luteus
MMO-159	Actinobacteriota	Actinomycetia	Actinomycetales	Microbacteriaceae	Microbacterium	Microbacterium sp003248845
MMO-16	Bacteroidota	Bacteroidia	Flavobacteriales	Weeksellaceae	Elizabethkingia	Elizabethkingia anophelis
MMO-160	Actinobacteriota	Actinomycetia	Actinomycetales	Micrococcaceae	Citricoccus	Citricoccus terreus
MMO-161	Actinobacteriota	Actinomycetia	Actinomycetales	Microbacteriaceae	Leucobacter	NA
MMO-162	NA	NA	NA	NA	NA	NA
MMO-163	Proteobacteria	Gammaproteobacteria	Pseudomonadales	Moraxellaceae	Acinetobacter	Acinetobacter pittii
MMO-164	Proteobacteria	Gammaproteobacteria	Xanthomonadales	Xanthomonadaceae	Stenotrophomonas	Stenotrophomonas maltophilia
MMO-165	Proteobacteria	Gammaproteobacteria	Xanthomonadales	Xanthomonadaceae	Stenotrophomonas	Stenotrophomonas maltophilia
MMO-17	Bacteroidota	Bacteroidia	Flavobacteriales	Weeksellaceae	Chryseobacterium	Chryseobacterium bernardetii_A
MMO-172	Proteobacteria	Alphaproteobacteria	Rhizobiales	Beijerinckiaceae	Bosea	NA
MMO-173	Proteobacteria	Alphaproteobacteria	Rhizobiales	Beijerinckiaceae	Methylobacterium	Methylobacterium organophilum
MMO-174	Proteobacteria	Alphaproteobacteria	Rhizobiales	Kaistiaceae	Kaistia	Kaistia sp017305815
MMO-175	Proteobacteria	Alphaproteobacteria	Rhizobiales	Beijerinckiaceae	Methylobacterium	Methylobacterium organophilum
MMO-176	Proteobacteria	Alphaproteobacteria	Sphingomonadales	Sphingomonadaceae	Sphingomonas	Sphingomonas sp003355005
MMO-177	Firmicutes	Bacilli	Paenibacillales	Paenibacillaceae	Paenibacillus_C	NA
MMO-19	Firmicutes	Bacilli	Lactobacillales	Enterococcaceae	Enterococcus_D	Enterococcus_D casseliflavus
MMO-2	Proteobacteria	Gammaproteobacteria	Xanthomonadales	Xanthomonadaceae	Stenotrophomonas	Stenotrophomonas maltophilia
MMO-20	Actinobacteriota	Actinomycetia	Actinomycetales	Microbacteriaceae	Microbacterium	Microbacterium sp003248845
MMO-21	Bacteroidota	Bacteroidia	Flavobacteriales	Weeksellaceae	Elizabethkingia	Elizabethkingia anophelis
MMO-23	Actinobacteriota	Actinomycetia	Actinomycetales	Microbacteriaceae	Microbacterium	Microbacterium sp017306305
MMO-24	Proteobacteria	Gammaproteobacteria	Enterobacterales	Enterobacteriaceae	Chania	Chania oryzae
MMO-25	Firmicutes	Bacilli	Bacillales	Bacillaceae_G	Bacillus_A	Bacillus_A cereus
MMO-26	Actinobacteriota	Actinomycetia	Actinomycetales	Micrococcaceae	Micrococcus	Micrococcus luteus
MMO-27	Actinobacteriota	Actinomycetia	Actinomycetales	Micrococcaceae	Micrococcus	Micrococcus luteus
MMO-28	Proteobacteria	Gammaproteobacteria	Enterobacterales	Enterobacteriaceae	Chania	Chania oryzae
MMO-29	Actinobacteriota	Actinomycetia	Actinomycetales	Micrococcaceae	Micrococcus	Micrococcus luteus
MMO-30	NA	NA	NA	NA	NA	NA
MMO-31	Firmicutes	Bacilli	Staphylococcales	Staphylococcaceae	Staphylococcus	Staphylococcus epidermidis
MMO-32	Actinobacteriota	Actinomycetia	Actinomycetales	Microbacteriaceae	Microbacterium	Microbacterium sp017306305
MMO-33	Proteobacteria	Alphaproteobacteria	Acetobacterales	Acetobacteraceae	Asaia	Asaia bogorensis
MMO-34	Proteobacteria	Alphaproteobacteria	Acetobacterales	Acetobacteraceae	Asaia	Asaia bogorensis
MMO-35	Actinobacteriota	Actinomycetia	Actinomycetales	Microbacteriaceae	Microbacterium	Microbacterium sp017306305
MMO-36	Proteobacteria	Gammaproteobacteria	Enterobacterales	Aeromonadaceae	Aeromonas	Aeromonas hydrophila
MMO-37	Proteobacteria	Gammaproteobacteria	Enterobacterales	Enterobacteriaceae	Enterobacter	Enterobacter asburiae_B
MMO-38	Proteobacteria	Gammaproteobacteria	Enterobacterales	Enterobacteriaceae	Enterobacter	Enterobacter asburiae_B
MMO-39	Actinobacteriota	Actinomycetia	Actinomycetales	Microbacteriaceae	Leucobacter	Leucobacter sp000980875
MMO-4	Actinobacteriota	Actinomycetia	Actinomycetales	Microbacteriaceae	Leucobacter	Leucobacter sp000980875
MMO-40	Actinobacteriota	Actinomycetia	Actinomycetales	Microbacteriaceae	Leucobacter	Leucobacter sp000980875
MMO-41	Proteobacteria	Gammaproteobacteria	Enterobacterales	Aeromonadaceae	Aeromonas	Aeromonas hydrophila
MMO-42	Proteobacteria	Gammaproteobacteria	Burkholderiales	Burkholderiaceae	Comamonas	Comamonas acidovorans
MMO-43	Proteobacteria	Gammaproteobacteria	Enterobacterales	Enterobacteriaceae	Enterobacter	Enterobacter roggenkampii
MMO-44	Proteobacteria	Gammaproteobacteria	Enterobacterales	Aeromonadaceae	Aeromonas	Aeromonas hydrophila
MMO-45	Proteobacteria	Gammaproteobacteria	Enterobacterales	Enterobacteriaceae	Enterobacter	Enterobacter roggenkampii
MMO-47	Firmicutes	Bacilli	Staphylococcales	Staphylococcaceae	Staphylococcus	Staphylococcus pseudoxylosus
MMO-54	Bacteroidota	Bacteroidia	Sphingobacteriales	Sphingobacteriaceae	Sphingobacterium	Sphingobacterium multivorum
MMO-55	Bacteroidota	Bacteroidia	Flavobacteriales	Weeksellaceae	Chryseobacterium	Chryseobacterium sp013153155
MMO-56	Actinobacteriota	Actinomycetia	Actinomycetales	Microbacteriaceae	Microbacterium	NA
MMO-57	Actinobacteriota	Actinomycetia	Actinomycetales	Microbacteriaceae	Leucobacter	Leucobacter sp000980875
MMO-58	Firmicutes	Bacilli	Paenibacillales	Paenibacillaceae	Paenibacillus_C	NA
MMO-6	Proteobacteria	Gammaproteobacteria	Xanthomonadales	Xanthomonadaceae	Stenotrophomonas	Stenotrophomonas maltophilia
MMO-64	Actinobacteriota	Actinomycetia	Actinomycetales	Microbacteriaceae	Microbacterium	Microbacterium sp003248845
MMO-66	Actinobacteriota	Actinomycetia	Actinomycetales	Microbacteriaceae	Leucobacter	NA
MMO-67	Actinobacteriota	Actinomycetia	Actinomycetales	Micrococcaceae	Micrococcus	Micrococcus luteus
MMO-68	Bacteroidota	Bacteroidia	Sphingobacteriales	Sphingobacteriaceae	Sphingobacterium	Sphingobacterium multivorum
MMO-70	Actinobacteriota	Actinomycetia	Actinomycetales	Microbacteriaceae	Microbacterium	NA
MMO-71	Actinobacteriota	Actinomycetia	Actinomycetales	Microbacteriaceae	Leucobacter	Leucobacter sp000980875
MMO-72	Bacteroidota	Bacteroidia	Flavobacteriales	Weeksellaceae	Chryseobacterium	Chryseobacterium sp013153155
MMO-74	NA	NA	NA	NA	NA	NA
MMO-75	Actinobacteriota	Actinomycetia	Actinomycetales	Microbacteriaceae	Leucobacter	NA
MMO-78	Actinobacteriota	Actinomycetia	Actinomycetales	Microbacteriaceae	Microbacterium	Microbacterium sp003248845
MMO-79	Actinobacteriota	Actinomycetia	Actinomycetales	Microbacteriaceae	Microbacterium	NA
MMO-8	Actinobacteriota	Actinomycetia	Mycobacteriales	Mycobacteriaceae	Gordonia	Gordonia sp016919385
MMO-80	Bacteroidota	Bacteroidia	Sphingobacteriales	Sphingobacteriaceae	Sphingobacterium	Sphingobacterium multivorum
MMO-81	Firmicutes	Bacilli	Staphylococcales	Staphylococcaceae	Staphylococcus	Staphylococcus capitis
MMO-82	Proteobacteria	Gammaproteobacteria	Burkholderiales	Burkholderiaceae	Achromobacter	Achromobacter ruhlandii
MMO-83	Proteobacteria	Gammaproteobacteria	Enterobacterales	Enterobacteriaceae	Enterobacter	Enterobacter roggenkampii
MMO-84	Proteobacteria	Gammaproteobacteria	Enterobacterales	Enterobacteriaceae	Enterobacter	Enterobacter roggenkampii
MMO-86	NA	NA	NA	NA	NA	NA
MMO-87	Bacteroidota	Bacteroidia	Sphingobacteriales	Sphingobacteriaceae	Sphingobacterium	Sphingobacterium multivorum
MMO-88	Proteobacteria	Gammaproteobacteria	Enterobacterales	Enterobacteriaceae	Enterobacter	Enterobacter roggenkampii
MMO-89	Proteobacteria	Gammaproteobacteria	Enterobacterales	Enterobacteriaceae	Enterobacter	Enterobacter roggenkampii
MMO-90	Proteobacteria	Gammaproteobacteria	Enterobacterales	Enterobacteriaceae	Enterobacter	Enterobacter roggenkampii
MMO-94	Proteobacteria	Gammaproteobacteria	Enterobacterales	Enterobacteriaceae	Enterobacter	Enterobacter roggenkampii
MMO-95	Proteobacteria	Alphaproteobacteria	Acetobacterales	Acetobacteraceae	Asaia	Asaia bogorensis
MMO-96	NA	NA	NA	NA	NA	NA
MMO-97	Proteobacteria	Alphaproteobacteria	Acetobacterales	Acetobacteraceae	Asaia	Asaia bogorensis
MMO-99	Firmicutes	Bacilli	Staphylococcales	Staphylococcaceae	Staphylococcus	Staphylococcus hominis
USHLN139	Proteobacteria	Alphaproteobacteria	Acetobacterales	Acetobacteraceae	Roseomonas	NA
USHLN143	Proteobacteria	Gammaproteobacteria	Pseudomonadales	Moraxellaceae	Acinetobacter	Acinetobacter fasciculus
USHLN148	Proteobacteria	Gammaproteobacteria	Enterobacterales	Enterobacteriaceae	Pantoea	Pantoea anthophila
USHLN149	Proteobacteria	Gammaproteobacteria	Xanthomonadales	Xanthomonadaceae	JAATFS01	NA
USHLN150	Actinobacteriota	Actinomycetia	Mycobacteriales	Mycobacteriaceae	Rhodococcus	Rhodococcus globerulus
USHLN152	Firmicutes	Bacilli	Bacillales	Bacillaceae_G	Bacillus_A	Bacillus_A thuringiensis_S
USHLN153	Actinobacteriota	Actinomycetia	Actinomycetales	Microbacteriaceae	Leucobacter	NA
USHLN154	Actinobacteriota	Actinomycetia	Actinomycetales	Microbacteriaceae	Leucobacter	Leucobacter sp001373475
USHLN155	Actinobacteriota	Actinomycetia	Actinomycetales	Cellulomonadaceae	Oerskovia	Oerskovia sp005937995
USHLN157	Proteobacteria	Gammaproteobacteria	Enterobacterales	Enterobacteriaceae	Klebsiella	Klebsiella michiganensis
USHLN158	Proteobacteria	Gammaproteobacteria	Enterobacterales	Enterobacteriaceae	Pantoea	Pantoea dispersa
USHLN159	Proteobacteria	Gammaproteobacteria	Enterobacterales	Enterobacteriaceae	Pantoea	Pantoea dispersa
USHLN160	Proteobacteria	Gammaproteobacteria	Enterobacterales	Enterobacteriaceae	Pantoea	Pantoea dispersa
USHLN162	Proteobacteria	Gammaproteobacteria	Enterobacterales	Enterobacteriaceae	Pantoea	Pantoea dispersa
USHLN164	Proteobacteria	Gammaproteobacteria	Enterobacterales	Enterobacteriaceae	Pantoea	Pantoea dispersa
USHLN165	Proteobacteria	Gammaproteobacteria	Enterobacterales	Enterobacteriaceae	Pantoea	Pantoea vagans
USHLN167	Proteobacteria	Gammaproteobacteria	Enterobacterales	Enterobacteriaceae	Enterobacter	Enterobacter mori
USHLN168	Firmicutes	Bacilli	Bacillales	Bacillaceae_G	Bacillus_A	Bacillus_A cereus
USHLN169	Firmicutes	Bacilli	Staphylococcales	Staphylococcaceae	Staphylococcus	Staphylococcus nepalensis
USHLN172	Firmicutes	Bacilli	Bacillales	Bacillaceae_G	Bacillus_A	Bacillus_A cereus
USHLN173	Firmicutes	Bacilli	Staphylococcales	Staphylococcaceae	Staphylococcus	Staphylococcus nepalensis
USHLN175	NA	NA	NA	NA	NA	NA
USHLN177	Proteobacteria	Gammaproteobacteria	Enterobacterales	Enterobacteriaceae	Enterobacter	Enterobacter asburiae
USHLN178	Proteobacteria	Gammaproteobacteria	Enterobacterales	Enterobacteriaceae	Pseudescherichia	Pseudescherichia vulneris
USHLN179	Proteobacteria	Gammaproteobacteria	Enterobacterales	Enterobacteriaceae	Enterobacter	Enterobacter asburiae
USHLN180	Proteobacteria	Gammaproteobacteria	Enterobacterales	Enterobacteriaceae	Pseudescherichia	Pseudescherichia vulneris
USHLN181	Firmicutes	Bacilli	Bacillales	Bacillaceae_G	Bacillus_A	Bacillus_A cereus
USHLN183	Firmicutes	Bacilli	Bacillales	Bacillaceae_G	Bacillus_A	Bacillus_A cereus
USHLN184	Proteobacteria	Gammaproteobacteria	Enterobacterales	Enterobacteriaceae	Enterobacter	Enterobacter asburiae
USHLN186	Actinobacteriota	Actinomycetia	Actinomycetales	Microbacteriaceae	Microbacterium	NA
USHLN188	Firmicutes	Bacilli	Bacillales	Bacillaceae	Bacillus	Bacillus subtilis
USHLN190	Firmicutes	Bacilli	Bacillales	Bacillaceae	Bacillus	Bacillus subtilis
USHLN191	Proteobacteria	Gammaproteobacteria	Enterobacterales	Enterobacteriaceae	Pseudescherichia	Pseudescherichia vulneris
USHLN192	Firmicutes	Bacilli	Bacillales	Bacillaceae_G	Bacillus_A	Bacillus_A cereus
USHLN193	Firmicutes	Bacilli	Bacillales	Bacillaceae_G	Bacillus_A	Bacillus_A thuringiensis
USHLN194	NA	NA	NA	NA	NA	NA
USHLN195	Firmicutes	Bacilli	Bacillales	Bacillaceae_G	Bacillus_A	Bacillus_A cereus
USHLN196	Firmicutes	Bacilli	Paenibacillales	Paenibacillaceae	Paenibacillus	NA
USHLN197	Firmicutes	Bacilli	Bacillales	Bacillaceae	Bacillus	Bacillus altitudinis
USHLN198	Proteobacteria	Gammaproteobacteria	Enterobacterales	Enterobacteriaceae	Pantoea	Pantoea ananatis
USHLN199	Proteobacteria	Gammaproteobacteria	Enterobacterales	Enterobacteriaceae	Pantoea	Pantoea dispersa
USHLN200	Proteobacteria	Gammaproteobacteria	Enterobacterales	Enterobacteriaceae	Pantoea	Pantoea dispersa
USHLN205	Firmicutes	Bacilli	Staphylococcales	Staphylococcaceae	Staphylococcus	Staphylococcus nepalensis
USHLN208	Actinobacteriota	Actinomycetia	Actinomycetales	Cellulomonadaceae	Cellulosimicrobium	Cellulosimicrobium cellulans_E
USHLN210	Actinobacteriota	Actinomycetia	Actinomycetales	Micrococcaceae	Kocuria	Kocuria marina
USHLN211	Firmicutes	Bacilli	Bacillales	Bacillaceae	Bacillus	Bacillus altitudinis
USHLN213	Actinobacteriota	Actinomycetia	Actinomycetales	Microbacteriaceae	Curtobacterium	Curtobacterium sp001806325
USHLN215	Actinobacteriota	Actinomycetia	Actinomycetales	Micrococcaceae	Kocuria	Kocuria rosea
USHLN217	Actinobacteriota	Actinomycetia	Actinomycetales	Micrococcaceae	Kocuria	Kocuria marina
USHLN218	Actinobacteriota	Actinomycetia	Actinomycetales	Micrococcaceae	Arthrobacter_F	NA
USHLN220	Actinobacteriota	Actinomycetia	Actinomycetales	Micrococcaceae	Kocuria	Kocuria marina
USHLN226	Firmicutes	Bacilli	Staphylococcales	Staphylococcaceae	Staphylococcus	Staphylococcus epidermidis
USHLN227	Bacteroidota	Bacteroidia	Flavobacteriales	Weeksellaceae	Chryseobacterium	Chryseobacterium mucoviscidosis
USHLN228	Actinobacteriota	Actinomycetia	Actinomycetales	Micrococcaceae	Kocuria	Kocuria marina
USHLN229	Actinobacteriota	Actinomycetia	Actinomycetales	Micrococcaceae	Micrococcus	Micrococcus luteus
USHLN230	Actinobacteriota	Actinomycetia	Actinomycetales	Micrococcaceae	Micrococcus	Micrococcus luteus
USHLN232	Actinobacteriota	Actinomycetia	Actinomycetales	Micrococcaceae	Micrococcus	Micrococcus luteus
USHLN234	Actinobacteriota	Actinomycetia	Actinomycetales	Micrococcaceae	Sinomonas	Sinomonas albida
USHLN248	Firmicutes	Bacilli	Bacillales_A	Planococcaceae	Sporosarcina	NA
USHLN021	Proteobacteria	Gammaproteobacteria	Enterobacterales	Aeromonadaceae	Aeromonas	Aeromonas hydrophila
USHLN022	Firmicutes	Bacilli	Bacillales	Bacillaceae_G	Bacillus_A	Bacillus_A bombysepticus
USHLN023	Firmicutes	Bacilli	Bacillales	Bacillaceae_H	Bacillus_AG	Bacillus_AG koreensis
USHLN028	Firmicutes	Bacilli	Bacillales_A	Planococcaceae	Lysinibacillus	Lysinibacillus fusiformis
USHLN029	Firmicutes	Bacilli	Bacillales_A	Planococcaceae	Lysinibacillus	Lysinibacillus fusiformis
USHLN030	Firmicutes	Bacilli	Paenibacillales	Paenibacillaceae	Paenibacillus	Paenibacillus illinoisensis
USHLN031	NA	NA	NA	NA	NA	NA
USHLN038	NA	NA	NA	NA	NA	NA
USHLN32	Proteobacteria	Gammaproteobacteria	Enterobacterales	Enterobacteriaceae	Pantoea	Pantoea endophytica
USHLN33	Proteobacteria	Gammaproteobacteria	Enterobacterales	Enterobacteriaceae	Erwinia	Erwinia aphidicola
USHLN34	Proteobacteria	Gammaproteobacteria	Enterobacterales	Enterobacteriaceae	Pantoea	Pantoea ananatis
USHLN35	Proteobacteria	Gammaproteobacteria	Enterobacterales	Enterobacteriaceae	Pantoea	Pantoea ananatis
